Question ID (machine readable),Response ID (machine readable),Response value,Answer requirement,Human-friendly question label
PSL_DATA_USAGE_RESPONSES:PSL_NAME:PSL_DATA_USAGE_COLLECTION_AND_SHARING,PSL_DATA_USAGE_ONLY_COLLECTED,true,MULTIPLE_CHOICE,"Utilisation et traitement des données (Nom)/Ces données sont-elles collectées, partagées ou les deux ?/Collectées"
PSL_DATA_USAGE_RESPONSES:PSL_NAME:PSL_DATA_USAGE_COLLECTION_AND_SHARING,PSL_DATA_USAGE_ONLY_SHARED,,MULTIPLE_CHOICE,"Utilisation et traitement des données (Nom)/Ces données sont-elles collectées, partagées ou les deux ?/Partagées"
PSL_DATA_USAGE_RESPONSES:PSL_NAME:PSL_DATA_USAGE_EPHEMERAL,,false,MAYBE_REQUIRED,Utilisation et traitement des données (Nom)/Ces données sont-elles traitées de manière éphémère ?
PSL_DATA_USAGE_RESPONSES:PSL_NAME:DATA_USAGE_USER_CONTROL,PSL_DATA_USAGE_USER_CONTROL_OPTIONAL,,SINGLE_CHOICE,"Utilisation et traitement des données (Nom)/Ces données sont-elles requises pour votre appli, ou les utilisateurs peuvent-ils décider qu'elles soient collectées ou non ?/Les utilisateurs peuvent choisir si ces données sont collectées ou non"
PSL_DATA_USAGE_RESPONSES:PSL_NAME:DATA_USAGE_USER_CONTROL,PSL_DATA_USAGE_USER_CONTROL_REQUIRED,true,SINGLE_CHOICE,"Utilisation et traitement des données (Nom)/Ces données sont-elles requises pour votre appli, ou les utilisateurs peuvent-ils décider qu'elles soient collectées ou non ?/La collecte de données est requise (les utilisateurs ne peuvent pas désactiver cette collecte)"
PSL_DATA_USAGE_RESPONSES:PSL_NAME:DATA_USAGE_COLLECTION_PURPOSE,PSL_APP_FUNCTIONALITY,true,MULTIPLE_CHOICE,Utilisation et traitement des données (Nom)/Pourquoi ces données utilisateur sont-elles collectées ? Plusieurs réponses possibles./Fonctionnement de l'appli
PSL_DATA_USAGE_RESPONSES:PSL_NAME:DATA_USAGE_COLLECTION_PURPOSE,PSL_ANALYTICS,,MULTIPLE_CHOICE,Utilisation et traitement des données (Nom)/Pourquoi ces données utilisateur sont-elles collectées ? Plusieurs réponses possibles./Analyse
PSL_DATA_USAGE_RESPONSES:PSL_NAME:DATA_USAGE_COLLECTION_PURPOSE,PSL_DEVELOPER_COMMUNICATIONS,,MULTIPLE_CHOICE,Utilisation et traitement des données (Nom)/Pourquoi ces données utilisateur sont-elles collectées ? Plusieurs réponses possibles./Communications du développeur
PSL_DATA_USAGE_RESPONSES:PSL_NAME:DATA_USAGE_COLLECTION_PURPOSE,PSL_FRAUD_PREVENTION_SECURITY,,MULTIPLE_CHOICE,"Utilisation et traitement des données (Nom)/Pourquoi ces données utilisateur sont-elles collectées ? Plusieurs réponses possibles./Prévention des fraudes, sécurité et conformité"
PSL_DATA_USAGE_RESPONSES:PSL_NAME:DATA_USAGE_COLLECTION_PURPOSE,PSL_ADVERTISING,,MULTIPLE_CHOICE,Utilisation et traitement des données (Nom)/Pourquoi ces données utilisateur sont-elles collectées ? Plusieurs réponses possibles./Publicité ou marketing
PSL_DATA_USAGE_RESPONSES:PSL_NAME:DATA_USAGE_COLLECTION_PURPOSE,PSL_PERSONALIZATION,,MULTIPLE_CHOICE,Utilisation et traitement des données (Nom)/Pourquoi ces données utilisateur sont-elles collectées ? Plusieurs réponses possibles./Personnalisation
PSL_DATA_USAGE_RESPONSES:PSL_NAME:DATA_USAGE_COLLECTION_PURPOSE,PSL_ACCOUNT_MANAGEMENT,true,MULTIPLE_CHOICE,Utilisation et traitement des données (Nom)/Pourquoi ces données utilisateur sont-elles collectées ? Plusieurs réponses possibles./Gestion des comptes
PSL_DATA_USAGE_RESPONSES:PSL_NAME:DATA_USAGE_SHARING_PURPOSE,PSL_APP_FUNCTIONALITY,,MULTIPLE_CHOICE,Utilisation et traitement des données (Nom)/Pourquoi ces données utilisateur sont-elles partagées ? Plusieurs réponses possibles./Fonctionnement de l'appli
PSL_DATA_USAGE_RESPONSES:PSL_NAME:DATA_USAGE_SHARING_PURPOSE,PSL_ANALYTICS,,MULTIPLE_CHOICE,Utilisation et traitement des données (Nom)/Pourquoi ces données utilisateur sont-elles partagées ? Plusieurs réponses possibles./Analyse
PSL_DATA_USAGE_RESPONSES:PSL_NAME:DATA_USAGE_SHARING_PURPOSE,PSL_DEVELOPER_COMMUNICATIONS,,MULTIPLE_CHOICE,Utilisation et traitement des données (Nom)/Pourquoi ces données utilisateur sont-elles partagées ? Plusieurs réponses possibles./Communications du développeur
PSL_DATA_USAGE_RESPONSES:PSL_NAME:DATA_USAGE_SHARING_PURPOSE,PSL_FRAUD_PREVENTION_SECURITY,,MULTIPLE_CHOICE,"Utilisation et traitement des données (Nom)/Pourquoi ces données utilisateur sont-elles partagées ? Plusieurs réponses possibles./Prévention des fraudes, sécurité et conformité"
PSL_DATA_USAGE_RESPONSES:PSL_NAME:DATA_USAGE_SHARING_PURPOSE,PSL_ADVERTISING,,MULTIPLE_CHOICE,Utilisation et traitement des données (Nom)/Pourquoi ces données utilisateur sont-elles partagées ? Plusieurs réponses possibles./Publicité ou marketing
PSL_DATA_USAGE_RESPONSES:PSL_NAME:DATA_USAGE_SHARING_PURPOSE,PSL_PERSONALIZATION,,MULTIPLE_CHOICE,Utilisation et traitement des données (Nom)/Pourquoi ces données utilisateur sont-elles partagées ? Plusieurs réponses possibles./Personnalisation
PSL_DATA_USAGE_RESPONSES:PSL_NAME:DATA_USAGE_SHARING_PURPOSE,PSL_ACCOUNT_MANAGEMENT,,MULTIPLE_CHOICE,Utilisation et traitement des données (Nom)/Pourquoi ces données utilisateur sont-elles partagées ? Plusieurs réponses possibles./Gestion des comptes
PSL_DATA_USAGE_RESPONSES:PSL_EMAIL:PSL_DATA_USAGE_COLLECTION_AND_SHARING,PSL_DATA_USAGE_ONLY_COLLECTED,,MULTIPLE_CHOICE,"Utilisation et traitement des données (Adresse e-mail)/Ces données sont-elles collectées, partagées ou les deux ?/Collectées"
PSL_DATA_USAGE_RESPONSES:PSL_EMAIL:PSL_DATA_USAGE_COLLECTION_AND_SHARING,PSL_DATA_USAGE_ONLY_SHARED,,MULTIPLE_CHOICE,"Utilisation et traitement des données (Adresse e-mail)/Ces données sont-elles collectées, partagées ou les deux ?/Partagées"
PSL_DATA_USAGE_RESPONSES:PSL_EMAIL:PSL_DATA_USAGE_EPHEMERAL,,,MAYBE_REQUIRED,Utilisation et traitement des données (Adresse e-mail)/Ces données sont-elles traitées de manière éphémère ?
PSL_DATA_USAGE_RESPONSES:PSL_EMAIL:DATA_USAGE_USER_CONTROL,PSL_DATA_USAGE_USER_CONTROL_OPTIONAL,,SINGLE_CHOICE,"Utilisation et traitement des données (Adresse e-mail)/Ces données sont-elles requises pour votre appli, ou les utilisateurs peuvent-ils décider qu'elles soient collectées ou non ?/Les utilisateurs peuvent choisir si ces données sont collectées ou non"
PSL_DATA_USAGE_RESPONSES:PSL_EMAIL:DATA_USAGE_USER_CONTROL,PSL_DATA_USAGE_USER_CONTROL_REQUIRED,,SINGLE_CHOICE,"Utilisation et traitement des données (Adresse e-mail)/Ces données sont-elles requises pour votre appli, ou les utilisateurs peuvent-ils décider qu'elles soient collectées ou non ?/La collecte de données est requise (les utilisateurs ne peuvent pas désactiver cette collecte)"
PSL_DATA_USAGE_RESPONSES:PSL_EMAIL:DATA_USAGE_COLLECTION_PURPOSE,PSL_APP_FUNCTIONALITY,,MULTIPLE_CHOICE,Utilisation et traitement des données (Adresse e-mail)/Pourquoi ces données utilisateur sont-elles collectées ? Plusieurs réponses possibles./Fonctionnement de l'appli
PSL_DATA_USAGE_RESPONSES:PSL_EMAIL:DATA_USAGE_COLLECTION_PURPOSE,PSL_ANALYTICS,,MULTIPLE_CHOICE,Utilisation et traitement des données (Adresse e-mail)/Pourquoi ces données utilisateur sont-elles collectées ? Plusieurs réponses possibles./Analyse
PSL_DATA_USAGE_RESPONSES:PSL_EMAIL:DATA_USAGE_COLLECTION_PURPOSE,PSL_DEVELOPER_COMMUNICATIONS,,MULTIPLE_CHOICE,Utilisation et traitement des données (Adresse e-mail)/Pourquoi ces données utilisateur sont-elles collectées ? Plusieurs réponses possibles./Communications du développeur
PSL_DATA_USAGE_RESPONSES:PSL_EMAIL:DATA_USAGE_COLLECTION_PURPOSE,PSL_FRAUD_PREVENTION_SECURITY,,MULTIPLE_CHOICE,"Utilisation et traitement des données (Adresse e-mail)/Pourquoi ces données utilisateur sont-elles collectées ? Plusieurs réponses possibles./Prévention des fraudes, sécurité et conformité"
PSL_DATA_USAGE_RESPONSES:PSL_EMAIL:DATA_USAGE_COLLECTION_PURPOSE,PSL_ADVERTISING,,MULTIPLE_CHOICE,Utilisation et traitement des données (Adresse e-mail)/Pourquoi ces données utilisateur sont-elles collectées ? Plusieurs réponses possibles./Publicité ou marketing
PSL_DATA_USAGE_RESPONSES:PSL_EMAIL:DATA_USAGE_COLLECTION_PURPOSE,PSL_PERSONALIZATION,,MULTIPLE_CHOICE,Utilisation et traitement des données (Adresse e-mail)/Pourquoi ces données utilisateur sont-elles collectées ? Plusieurs réponses possibles./Personnalisation
PSL_DATA_USAGE_RESPONSES:PSL_EMAIL:DATA_USAGE_COLLECTION_PURPOSE,PSL_ACCOUNT_MANAGEMENT,,MULTIPLE_CHOICE,Utilisation et traitement des données (Adresse e-mail)/Pourquoi ces données utilisateur sont-elles collectées ? Plusieurs réponses possibles./Gestion des comptes
PSL_DATA_USAGE_RESPONSES:PSL_EMAIL:DATA_USAGE_SHARING_PURPOSE,PSL_APP_FUNCTIONALITY,,MULTIPLE_CHOICE,Utilisation et traitement des données (Adresse e-mail)/Pourquoi ces données utilisateur sont-elles partagées ? Plusieurs réponses possibles./Fonctionnement de l'appli
PSL_DATA_USAGE_RESPONSES:PSL_EMAIL:DATA_USAGE_SHARING_PURPOSE,PSL_ANALYTICS,,MULTIPLE_CHOICE,Utilisation et traitement des données (Adresse e-mail)/Pourquoi ces données utilisateur sont-elles partagées ? Plusieurs réponses possibles./Analyse
PSL_DATA_USAGE_RESPONSES:PSL_EMAIL:DATA_USAGE_SHARING_PURPOSE,PSL_DEVELOPER_COMMUNICATIONS,,MULTIPLE_CHOICE,Utilisation et traitement des données (Adresse e-mail)/Pourquoi ces données utilisateur sont-elles partagées ? Plusieurs réponses possibles./Communications du développeur
PSL_DATA_USAGE_RESPONSES:PSL_EMAIL:DATA_USAGE_SHARING_PURPOSE,PSL_FRAUD_PREVENTION_SECURITY,,MULTIPLE_CHOICE,"Utilisation et traitement des données (Adresse e-mail)/Pourquoi ces données utilisateur sont-elles partagées ? Plusieurs réponses possibles./Prévention des fraudes, sécurité et conformité"
PSL_DATA_USAGE_RESPONSES:PSL_EMAIL:DATA_USAGE_SHARING_PURPOSE,PSL_ADVERTISING,,MULTIPLE_CHOICE,Utilisation et traitement des données (Adresse e-mail)/Pourquoi ces données utilisateur sont-elles partagées ? Plusieurs réponses possibles./Publicité ou marketing
PSL_DATA_USAGE_RESPONSES:PSL_EMAIL:DATA_USAGE_SHARING_PURPOSE,PSL_PERSONALIZATION,,MULTIPLE_CHOICE,Utilisation et traitement des données (Adresse e-mail)/Pourquoi ces données utilisateur sont-elles partagées ? Plusieurs réponses possibles./Personnalisation
PSL_DATA_USAGE_RESPONSES:PSL_EMAIL:DATA_USAGE_SHARING_PURPOSE,PSL_ACCOUNT_MANAGEMENT,,MULTIPLE_CHOICE,Utilisation et traitement des données (Adresse e-mail)/Pourquoi ces données utilisateur sont-elles partagées ? Plusieurs réponses possibles./Gestion des comptes
PSL_DATA_USAGE_RESPONSES:PSL_USER_ACCOUNT:PSL_DATA_USAGE_COLLECTION_AND_SHARING,PSL_DATA_USAGE_ONLY_COLLECTED,,MULTIPLE_CHOICE,"Utilisation et traitement des données (ID utilisateur)/Ces données sont-elles collectées, partagées ou les deux ?/Collectées"
PSL_DATA_USAGE_RESPONSES:PSL_USER_ACCOUNT:PSL_DATA_USAGE_COLLECTION_AND_SHARING,PSL_DATA_USAGE_ONLY_SHARED,,MULTIPLE_CHOICE,"Utilisation et traitement des données (ID utilisateur)/Ces données sont-elles collectées, partagées ou les deux ?/Partagées"
PSL_DATA_USAGE_RESPONSES:PSL_USER_ACCOUNT:PSL_DATA_USAGE_EPHEMERAL,,,MAYBE_REQUIRED,Utilisation et traitement des données (ID utilisateur)/Ces données sont-elles traitées de manière éphémère ?
PSL_DATA_USAGE_RESPONSES:PSL_USER_ACCOUNT:DATA_USAGE_USER_CONTROL,PSL_DATA_USAGE_USER_CONTROL_OPTIONAL,,SINGLE_CHOICE,"Utilisation et traitement des données (ID utilisateur)/Ces données sont-elles requises pour votre appli, ou les utilisateurs peuvent-ils décider qu'elles soient collectées ou non ?/Les utilisateurs peuvent choisir si ces données sont collectées ou non"
PSL_DATA_USAGE_RESPONSES:PSL_USER_ACCOUNT:DATA_USAGE_USER_CONTROL,PSL_DATA_USAGE_USER_CONTROL_REQUIRED,,SINGLE_CHOICE,"Utilisation et traitement des données (ID utilisateur)/Ces données sont-elles requises pour votre appli, ou les utilisateurs peuvent-ils décider qu'elles soient collectées ou non ?/La collecte de données est requise (les utilisateurs ne peuvent pas désactiver cette collecte)"
PSL_DATA_USAGE_RESPONSES:PSL_USER_ACCOUNT:DATA_USAGE_COLLECTION_PURPOSE,PSL_APP_FUNCTIONALITY,,MULTIPLE_CHOICE,Utilisation et traitement des données (ID utilisateur)/Pourquoi ces données utilisateur sont-elles collectées ? Plusieurs réponses possibles./Fonctionnement de l'appli
PSL_DATA_USAGE_RESPONSES:PSL_USER_ACCOUNT:DATA_USAGE_COLLECTION_PURPOSE,PSL_ANALYTICS,,MULTIPLE_CHOICE,Utilisation et traitement des données (ID utilisateur)/Pourquoi ces données utilisateur sont-elles collectées ? Plusieurs réponses possibles./Analyse
PSL_DATA_USAGE_RESPONSES:PSL_USER_ACCOUNT:DATA_USAGE_COLLECTION_PURPOSE,PSL_DEVELOPER_COMMUNICATIONS,,MULTIPLE_CHOICE,Utilisation et traitement des données (ID utilisateur)/Pourquoi ces données utilisateur sont-elles collectées ? Plusieurs réponses possibles./Communications du développeur
PSL_DATA_USAGE_RESPONSES:PSL_USER_ACCOUNT:DATA_USAGE_COLLECTION_PURPOSE,PSL_FRAUD_PREVENTION_SECURITY,,MULTIPLE_CHOICE,"Utilisation et traitement des données (ID utilisateur)/Pourquoi ces données utilisateur sont-elles collectées ? Plusieurs réponses possibles./Prévention des fraudes, sécurité et conformité"
PSL_DATA_USAGE_RESPONSES:PSL_USER_ACCOUNT:DATA_USAGE_COLLECTION_PURPOSE,PSL_ADVERTISING,,MULTIPLE_CHOICE,Utilisation et traitement des données (ID utilisateur)/Pourquoi ces données utilisateur sont-elles collectées ? Plusieurs réponses possibles./Publicité ou marketing
PSL_DATA_USAGE_RESPONSES:PSL_USER_ACCOUNT:DATA_USAGE_COLLECTION_PURPOSE,PSL_PERSONALIZATION,,MULTIPLE_CHOICE,Utilisation et traitement des données (ID utilisateur)/Pourquoi ces données utilisateur sont-elles collectées ? Plusieurs réponses possibles./Personnalisation
PSL_DATA_USAGE_RESPONSES:PSL_USER_ACCOUNT:DATA_USAGE_COLLECTION_PURPOSE,PSL_ACCOUNT_MANAGEMENT,,MULTIPLE_CHOICE,Utilisation et traitement des données (ID utilisateur)/Pourquoi ces données utilisateur sont-elles collectées ? Plusieurs réponses possibles./Gestion des comptes
PSL_DATA_USAGE_RESPONSES:PSL_USER_ACCOUNT:DATA_USAGE_SHARING_PURPOSE,PSL_APP_FUNCTIONALITY,,MULTIPLE_CHOICE,Utilisation et traitement des données (ID utilisateur)/Pourquoi ces données utilisateur sont-elles partagées ? Plusieurs réponses possibles./Fonctionnement de l'appli
PSL_DATA_USAGE_RESPONSES:PSL_USER_ACCOUNT:DATA_USAGE_SHARING_PURPOSE,PSL_ANALYTICS,,MULTIPLE_CHOICE,Utilisation et traitement des données (ID utilisateur)/Pourquoi ces données utilisateur sont-elles partagées ? Plusieurs réponses possibles./Analyse
PSL_DATA_USAGE_RESPONSES:PSL_USER_ACCOUNT:DATA_USAGE_SHARING_PURPOSE,PSL_DEVELOPER_COMMUNICATIONS,,MULTIPLE_CHOICE,Utilisation et traitement des données (ID utilisateur)/Pourquoi ces données utilisateur sont-elles partagées ? Plusieurs réponses possibles./Communications du développeur
PSL_DATA_USAGE_RESPONSES:PSL_USER_ACCOUNT:DATA_USAGE_SHARING_PURPOSE,PSL_FRAUD_PREVENTION_SECURITY,,MULTIPLE_CHOICE,"Utilisation et traitement des données (ID utilisateur)/Pourquoi ces données utilisateur sont-elles partagées ? Plusieurs réponses possibles./Prévention des fraudes, sécurité et conformité"
PSL_DATA_USAGE_RESPONSES:PSL_USER_ACCOUNT:DATA_USAGE_SHARING_PURPOSE,PSL_ADVERTISING,,MULTIPLE_CHOICE,Utilisation et traitement des données (ID utilisateur)/Pourquoi ces données utilisateur sont-elles partagées ? Plusieurs réponses possibles./Publicité ou marketing
PSL_DATA_USAGE_RESPONSES:PSL_USER_ACCOUNT:DATA_USAGE_SHARING_PURPOSE,PSL_PERSONALIZATION,,MULTIPLE_CHOICE,Utilisation et traitement des données (ID utilisateur)/Pourquoi ces données utilisateur sont-elles partagées ? Plusieurs réponses possibles./Personnalisation
PSL_DATA_USAGE_RESPONSES:PSL_USER_ACCOUNT:DATA_USAGE_SHARING_PURPOSE,PSL_ACCOUNT_MANAGEMENT,,MULTIPLE_CHOICE,Utilisation et traitement des données (ID utilisateur)/Pourquoi ces données utilisateur sont-elles partagées ? Plusieurs réponses possibles./Gestion des comptes
PSL_DATA_USAGE_RESPONSES:PSL_ADDRESS:PSL_DATA_USAGE_COLLECTION_AND_SHARING,PSL_DATA_USAGE_ONLY_COLLECTED,,MULTIPLE_CHOICE,"Utilisation et traitement des données (Adresse)/Ces données sont-elles collectées, partagées ou les deux ?/Collectées"
PSL_DATA_USAGE_RESPONSES:PSL_ADDRESS:PSL_DATA_USAGE_COLLECTION_AND_SHARING,PSL_DATA_USAGE_ONLY_SHARED,,MULTIPLE_CHOICE,"Utilisation et traitement des données (Adresse)/Ces données sont-elles collectées, partagées ou les deux ?/Partagées"
PSL_DATA_USAGE_RESPONSES:PSL_ADDRESS:PSL_DATA_USAGE_EPHEMERAL,,,MAYBE_REQUIRED,Utilisation et traitement des données (Adresse)/Ces données sont-elles traitées de manière éphémère ?
PSL_DATA_USAGE_RESPONSES:PSL_ADDRESS:DATA_USAGE_USER_CONTROL,PSL_DATA_USAGE_USER_CONTROL_OPTIONAL,,SINGLE_CHOICE,"Utilisation et traitement des données (Adresse)/Ces données sont-elles requises pour votre appli, ou les utilisateurs peuvent-ils décider qu'elles soient collectées ou non ?/Les utilisateurs peuvent choisir si ces données sont collectées ou non"
PSL_DATA_USAGE_RESPONSES:PSL_ADDRESS:DATA_USAGE_USER_CONTROL,PSL_DATA_USAGE_USER_CONTROL_REQUIRED,,SINGLE_CHOICE,"Utilisation et traitement des données (Adresse)/Ces données sont-elles requises pour votre appli, ou les utilisateurs peuvent-ils décider qu'elles soient collectées ou non ?/La collecte de données est requise (les utilisateurs ne peuvent pas désactiver cette collecte)"
PSL_DATA_USAGE_RESPONSES:PSL_ADDRESS:DATA_USAGE_COLLECTION_PURPOSE,PSL_APP_FUNCTIONALITY,,MULTIPLE_CHOICE,Utilisation et traitement des données (Adresse)/Pourquoi ces données utilisateur sont-elles collectées ? Plusieurs réponses possibles./Fonctionnement de l'appli
PSL_DATA_USAGE_RESPONSES:PSL_ADDRESS:DATA_USAGE_COLLECTION_PURPOSE,PSL_ANALYTICS,,MULTIPLE_CHOICE,Utilisation et traitement des données (Adresse)/Pourquoi ces données utilisateur sont-elles collectées ? Plusieurs réponses possibles./Analyse
PSL_DATA_USAGE_RESPONSES:PSL_ADDRESS:DATA_USAGE_COLLECTION_PURPOSE,PSL_DEVELOPER_COMMUNICATIONS,,MULTIPLE_CHOICE,Utilisation et traitement des données (Adresse)/Pourquoi ces données utilisateur sont-elles collectées ? Plusieurs réponses possibles./Communications du développeur
PSL_DATA_USAGE_RESPONSES:PSL_ADDRESS:DATA_USAGE_COLLECTION_PURPOSE,PSL_FRAUD_PREVENTION_SECURITY,,MULTIPLE_CHOICE,"Utilisation et traitement des données (Adresse)/Pourquoi ces données utilisateur sont-elles collectées ? Plusieurs réponses possibles./Prévention des fraudes, sécurité et conformité"
PSL_DATA_USAGE_RESPONSES:PSL_ADDRESS:DATA_USAGE_COLLECTION_PURPOSE,PSL_ADVERTISING,,MULTIPLE_CHOICE,Utilisation et traitement des données (Adresse)/Pourquoi ces données utilisateur sont-elles collectées ? Plusieurs réponses possibles./Publicité ou marketing
PSL_DATA_USAGE_RESPONSES:PSL_ADDRESS:DATA_USAGE_COLLECTION_PURPOSE,PSL_PERSONALIZATION,,MULTIPLE_CHOICE,Utilisation et traitement des données (Adresse)/Pourquoi ces données utilisateur sont-elles collectées ? Plusieurs réponses possibles./Personnalisation
PSL_DATA_USAGE_RESPONSES:PSL_ADDRESS:DATA_USAGE_COLLECTION_PURPOSE,PSL_ACCOUNT_MANAGEMENT,,MULTIPLE_CHOICE,Utilisation et traitement des données (Adresse)/Pourquoi ces données utilisateur sont-elles collectées ? Plusieurs réponses possibles./Gestion des comptes
PSL_DATA_USAGE_RESPONSES:PSL_ADDRESS:DATA_USAGE_SHARING_PURPOSE,PSL_APP_FUNCTIONALITY,,MULTIPLE_CHOICE,Utilisation et traitement des données (Adresse)/Pourquoi ces données utilisateur sont-elles partagées ? Plusieurs réponses possibles./Fonctionnement de l'appli
PSL_DATA_USAGE_RESPONSES:PSL_ADDRESS:DATA_USAGE_SHARING_PURPOSE,PSL_ANALYTICS,,MULTIPLE_CHOICE,Utilisation et traitement des données (Adresse)/Pourquoi ces données utilisateur sont-elles partagées ? Plusieurs réponses possibles./Analyse
PSL_DATA_USAGE_RESPONSES:PSL_ADDRESS:DATA_USAGE_SHARING_PURPOSE,PSL_DEVELOPER_COMMUNICATIONS,,MULTIPLE_CHOICE,Utilisation et traitement des données (Adresse)/Pourquoi ces données utilisateur sont-elles partagées ? Plusieurs réponses possibles./Communications du développeur
PSL_DATA_USAGE_RESPONSES:PSL_ADDRESS:DATA_USAGE_SHARING_PURPOSE,PSL_FRAUD_PREVENTION_SECURITY,,MULTIPLE_CHOICE,"Utilisation et traitement des données (Adresse)/Pourquoi ces données utilisateur sont-elles partagées ? Plusieurs réponses possibles./Prévention des fraudes, sécurité et conformité"
PSL_DATA_USAGE_RESPONSES:PSL_ADDRESS:DATA_USAGE_SHARING_PURPOSE,PSL_ADVERTISING,,MULTIPLE_CHOICE,Utilisation et traitement des données (Adresse)/Pourquoi ces données utilisateur sont-elles partagées ? Plusieurs réponses possibles./Publicité ou marketing
PSL_DATA_USAGE_RESPONSES:PSL_ADDRESS:DATA_USAGE_SHARING_PURPOSE,PSL_PERSONALIZATION,,MULTIPLE_CHOICE,Utilisation et traitement des données (Adresse)/Pourquoi ces données utilisateur sont-elles partagées ? Plusieurs réponses possibles./Personnalisation
PSL_DATA_USAGE_RESPONSES:PSL_ADDRESS:DATA_USAGE_SHARING_PURPOSE,PSL_ACCOUNT_MANAGEMENT,,MULTIPLE_CHOICE,Utilisation et traitement des données (Adresse)/Pourquoi ces données utilisateur sont-elles partagées ? Plusieurs réponses possibles./Gestion des comptes
PSL_DATA_USAGE_RESPONSES:PSL_PHONE:PSL_DATA_USAGE_COLLECTION_AND_SHARING,PSL_DATA_USAGE_ONLY_COLLECTED,true,MULTIPLE_CHOICE,"Utilisation et traitement des données (Numéro de téléphone)/Ces données sont-elles collectées, partagées ou les deux ?/Collectées"
PSL_DATA_USAGE_RESPONSES:PSL_PHONE:PSL_DATA_USAGE_COLLECTION_AND_SHARING,PSL_DATA_USAGE_ONLY_SHARED,,MULTIPLE_CHOICE,"Utilisation et traitement des données (Numéro de téléphone)/Ces données sont-elles collectées, partagées ou les deux ?/Partagées"
PSL_DATA_USAGE_RESPONSES:PSL_PHONE:PSL_DATA_USAGE_EPHEMERAL,,false,MAYBE_REQUIRED,Utilisation et traitement des données (Numéro de téléphone)/Ces données sont-elles traitées de manière éphémère ?
PSL_DATA_USAGE_RESPONSES:PSL_PHONE:DATA_USAGE_USER_CONTROL,PSL_DATA_USAGE_USER_CONTROL_OPTIONAL,,SINGLE_CHOICE,"Utilisation et traitement des données (Numéro de téléphone)/Ces données sont-elles requises pour votre appli, ou les utilisateurs peuvent-ils décider qu'elles soient collectées ou non ?/Les utilisateurs peuvent choisir si ces données sont collectées ou non"
PSL_DATA_USAGE_RESPONSES:PSL_PHONE:DATA_USAGE_USER_CONTROL,PSL_DATA_USAGE_USER_CONTROL_REQUIRED,true,SINGLE_CHOICE,"Utilisation et traitement des données (Numéro de téléphone)/Ces données sont-elles requises pour votre appli, ou les utilisateurs peuvent-ils décider qu'elles soient collectées ou non ?/La collecte de données est requise (les utilisateurs ne peuvent pas désactiver cette collecte)"
PSL_DATA_USAGE_RESPONSES:PSL_PHONE:DATA_USAGE_COLLECTION_PURPOSE,PSL_APP_FUNCTIONALITY,true,MULTIPLE_CHOICE,Utilisation et traitement des données (Numéro de téléphone)/Pourquoi ces données utilisateur sont-elles collectées ? Plusieurs réponses possibles./Fonctionnement de l'appli
PSL_DATA_USAGE_RESPONSES:PSL_PHONE:DATA_USAGE_COLLECTION_PURPOSE,PSL_ANALYTICS,,MULTIPLE_CHOICE,Utilisation et traitement des données (Numéro de téléphone)/Pourquoi ces données utilisateur sont-elles collectées ? Plusieurs réponses possibles./Analyse
PSL_DATA_USAGE_RESPONSES:PSL_PHONE:DATA_USAGE_COLLECTION_PURPOSE,PSL_DEVELOPER_COMMUNICATIONS,,MULTIPLE_CHOICE,Utilisation et traitement des données (Numéro de téléphone)/Pourquoi ces données utilisateur sont-elles collectées ? Plusieurs réponses possibles./Communications du développeur
PSL_DATA_USAGE_RESPONSES:PSL_PHONE:DATA_USAGE_COLLECTION_PURPOSE,PSL_FRAUD_PREVENTION_SECURITY,,MULTIPLE_CHOICE,"Utilisation et traitement des données (Numéro de téléphone)/Pourquoi ces données utilisateur sont-elles collectées ? Plusieurs réponses possibles./Prévention des fraudes, sécurité et conformité"
PSL_DATA_USAGE_RESPONSES:PSL_PHONE:DATA_USAGE_COLLECTION_PURPOSE,PSL_ADVERTISING,,MULTIPLE_CHOICE,Utilisation et traitement des données (Numéro de téléphone)/Pourquoi ces données utilisateur sont-elles collectées ? Plusieurs réponses possibles./Publicité ou marketing
PSL_DATA_USAGE_RESPONSES:PSL_PHONE:DATA_USAGE_COLLECTION_PURPOSE,PSL_PERSONALIZATION,,MULTIPLE_CHOICE,Utilisation et traitement des données (Numéro de téléphone)/Pourquoi ces données utilisateur sont-elles collectées ? Plusieurs réponses possibles./Personnalisation
PSL_DATA_USAGE_RESPONSES:PSL_PHONE:DATA_USAGE_COLLECTION_PURPOSE,PSL_ACCOUNT_MANAGEMENT,true,MULTIPLE_CHOICE,Utilisation et traitement des données (Numéro de téléphone)/Pourquoi ces données utilisateur sont-elles collectées ? Plusieurs réponses possibles./Gestion des comptes
PSL_DATA_USAGE_RESPONSES:PSL_PHONE:DATA_USAGE_SHARING_PURPOSE,PSL_APP_FUNCTIONALITY,,MULTIPLE_CHOICE,Utilisation et traitement des données (Numéro de téléphone)/Pourquoi ces données utilisateur sont-elles partagées ? Plusieurs réponses possibles./Fonctionnement de l'appli
PSL_DATA_USAGE_RESPONSES:PSL_PHONE:DATA_USAGE_SHARING_PURPOSE,PSL_ANALYTICS,,MULTIPLE_CHOICE,Utilisation et traitement des données (Numéro de téléphone)/Pourquoi ces données utilisateur sont-elles partagées ? Plusieurs réponses possibles./Analyse
PSL_DATA_USAGE_RESPONSES:PSL_PHONE:DATA_USAGE_SHARING_PURPOSE,PSL_DEVELOPER_COMMUNICATIONS,,MULTIPLE_CHOICE,Utilisation et traitement des données (Numéro de téléphone)/Pourquoi ces données utilisateur sont-elles partagées ? Plusieurs réponses possibles./Communications du développeur
PSL_DATA_USAGE_RESPONSES:PSL_PHONE:DATA_USAGE_SHARING_PURPOSE,PSL_FRAUD_PREVENTION_SECURITY,,MULTIPLE_CHOICE,"Utilisation et traitement des données (Numéro de téléphone)/Pourquoi ces données utilisateur sont-elles partagées ? Plusieurs réponses possibles./Prévention des fraudes, sécurité et conformité"
PSL_DATA_USAGE_RESPONSES:PSL_PHONE:DATA_USAGE_SHARING_PURPOSE,PSL_ADVERTISING,,MULTIPLE_CHOICE,Utilisation et traitement des données (Numéro de téléphone)/Pourquoi ces données utilisateur sont-elles partagées ? Plusieurs réponses possibles./Publicité ou marketing
PSL_DATA_USAGE_RESPONSES:PSL_PHONE:DATA_USAGE_SHARING_PURPOSE,PSL_PERSONALIZATION,,MULTIPLE_CHOICE,Utilisation et traitement des données (Numéro de téléphone)/Pourquoi ces données utilisateur sont-elles partagées ? Plusieurs réponses possibles./Personnalisation
PSL_DATA_USAGE_RESPONSES:PSL_PHONE:DATA_USAGE_SHARING_PURPOSE,PSL_ACCOUNT_MANAGEMENT,,MULTIPLE_CHOICE,Utilisation et traitement des données (Numéro de téléphone)/Pourquoi ces données utilisateur sont-elles partagées ? Plusieurs réponses possibles./Gestion des comptes
PSL_DATA_USAGE_RESPONSES:PSL_RACE_ETHNICITY:PSL_DATA_USAGE_COLLECTION_AND_SHARING,PSL_DATA_USAGE_ONLY_COLLECTED,,MULTIPLE_CHOICE,"Utilisation et traitement des données (Origines raciales ou ethniques)/Ces données sont-elles collectées, partagées ou les deux ?/Collectées"
PSL_DATA_USAGE_RESPONSES:PSL_RACE_ETHNICITY:PSL_DATA_USAGE_COLLECTION_AND_SHARING,PSL_DATA_USAGE_ONLY_SHARED,,MULTIPLE_CHOICE,"Utilisation et traitement des données (Origines raciales ou ethniques)/Ces données sont-elles collectées, partagées ou les deux ?/Partagées"
PSL_DATA_USAGE_RESPONSES:PSL_RACE_ETHNICITY:PSL_DATA_USAGE_EPHEMERAL,,,MAYBE_REQUIRED,Utilisation et traitement des données (Origines raciales ou ethniques)/Ces données sont-elles traitées de manière éphémère ?
PSL_DATA_USAGE_RESPONSES:PSL_RACE_ETHNICITY:DATA_USAGE_USER_CONTROL,PSL_DATA_USAGE_USER_CONTROL_OPTIONAL,,SINGLE_CHOICE,"Utilisation et traitement des données (Origines raciales ou ethniques)/Ces données sont-elles requises pour votre appli, ou les utilisateurs peuvent-ils décider qu'elles soient collectées ou non ?/Les utilisateurs peuvent choisir si ces données sont collectées ou non"
PSL_DATA_USAGE_RESPONSES:PSL_RACE_ETHNICITY:DATA_USAGE_USER_CONTROL,PSL_DATA_USAGE_USER_CONTROL_REQUIRED,,SINGLE_CHOICE,"Utilisation et traitement des données (Origines raciales ou ethniques)/Ces données sont-elles requises pour votre appli, ou les utilisateurs peuvent-ils décider qu'elles soient collectées ou non ?/La collecte de données est requise (les utilisateurs ne peuvent pas désactiver cette collecte)"
PSL_DATA_USAGE_RESPONSES:PSL_RACE_ETHNICITY:DATA_USAGE_COLLECTION_PURPOSE,PSL_APP_FUNCTIONALITY,,MULTIPLE_CHOICE,Utilisation et traitement des données (Origines raciales ou ethniques)/Pourquoi ces données utilisateur sont-elles collectées ? Plusieurs réponses possibles./Fonctionnement de l'appli
PSL_DATA_USAGE_RESPONSES:PSL_RACE_ETHNICITY:DATA_USAGE_COLLECTION_PURPOSE,PSL_ANALYTICS,,MULTIPLE_CHOICE,Utilisation et traitement des données (Origines raciales ou ethniques)/Pourquoi ces données utilisateur sont-elles collectées ? Plusieurs réponses possibles./Analyse
PSL_DATA_USAGE_RESPONSES:PSL_RACE_ETHNICITY:DATA_USAGE_COLLECTION_PURPOSE,PSL_DEVELOPER_COMMUNICATIONS,,MULTIPLE_CHOICE,Utilisation et traitement des données (Origines raciales ou ethniques)/Pourquoi ces données utilisateur sont-elles collectées ? Plusieurs réponses possibles./Communications du développeur
PSL_DATA_USAGE_RESPONSES:PSL_RACE_ETHNICITY:DATA_USAGE_COLLECTION_PURPOSE,PSL_FRAUD_PREVENTION_SECURITY,,MULTIPLE_CHOICE,"Utilisation et traitement des données (Origines raciales ou ethniques)/Pourquoi ces données utilisateur sont-elles collectées ? Plusieurs réponses possibles./Prévention des fraudes, sécurité et conformité"
PSL_DATA_USAGE_RESPONSES:PSL_RACE_ETHNICITY:DATA_USAGE_COLLECTION_PURPOSE,PSL_ADVERTISING,,MULTIPLE_CHOICE,Utilisation et traitement des données (Origines raciales ou ethniques)/Pourquoi ces données utilisateur sont-elles collectées ? Plusieurs réponses possibles./Publicité ou marketing
PSL_DATA_USAGE_RESPONSES:PSL_RACE_ETHNICITY:DATA_USAGE_COLLECTION_PURPOSE,PSL_PERSONALIZATION,,MULTIPLE_CHOICE,Utilisation et traitement des données (Origines raciales ou ethniques)/Pourquoi ces données utilisateur sont-elles collectées ? Plusieurs réponses possibles./Personnalisation
PSL_DATA_USAGE_RESPONSES:PSL_RACE_ETHNICITY:DATA_USAGE_COLLECTION_PURPOSE,PSL_ACCOUNT_MANAGEMENT,,MULTIPLE_CHOICE,Utilisation et traitement des données (Origines raciales ou ethniques)/Pourquoi ces données utilisateur sont-elles collectées ? Plusieurs réponses possibles./Gestion des comptes
PSL_DATA_USAGE_RESPONSES:PSL_RACE_ETHNICITY:DATA_USAGE_SHARING_PURPOSE,PSL_APP_FUNCTIONALITY,,MULTIPLE_CHOICE,Utilisation et traitement des données (Origines raciales ou ethniques)/Pourquoi ces données utilisateur sont-elles partagées ? Plusieurs réponses possibles./Fonctionnement de l'appli
PSL_DATA_USAGE_RESPONSES:PSL_RACE_ETHNICITY:DATA_USAGE_SHARING_PURPOSE,PSL_ANALYTICS,,MULTIPLE_CHOICE,Utilisation et traitement des données (Origines raciales ou ethniques)/Pourquoi ces données utilisateur sont-elles partagées ? Plusieurs réponses possibles./Analyse
PSL_DATA_USAGE_RESPONSES:PSL_RACE_ETHNICITY:DATA_USAGE_SHARING_PURPOSE,PSL_DEVELOPER_COMMUNICATIONS,,MULTIPLE_CHOICE,Utilisation et traitement des données (Origines raciales ou ethniques)/Pourquoi ces données utilisateur sont-elles partagées ? Plusieurs réponses possibles./Communications du développeur
PSL_DATA_USAGE_RESPONSES:PSL_RACE_ETHNICITY:DATA_USAGE_SHARING_PURPOSE,PSL_FRAUD_PREVENTION_SECURITY,,MULTIPLE_CHOICE,"Utilisation et traitement des données (Origines raciales ou ethniques)/Pourquoi ces données utilisateur sont-elles partagées ? Plusieurs réponses possibles./Prévention des fraudes, sécurité et conformité"
PSL_DATA_USAGE_RESPONSES:PSL_RACE_ETHNICITY:DATA_USAGE_SHARING_PURPOSE,PSL_ADVERTISING,,MULTIPLE_CHOICE,Utilisation et traitement des données (Origines raciales ou ethniques)/Pourquoi ces données utilisateur sont-elles partagées ? Plusieurs réponses possibles./Publicité ou marketing
PSL_DATA_USAGE_RESPONSES:PSL_RACE_ETHNICITY:DATA_USAGE_SHARING_PURPOSE,PSL_PERSONALIZATION,,MULTIPLE_CHOICE,Utilisation et traitement des données (Origines raciales ou ethniques)/Pourquoi ces données utilisateur sont-elles partagées ? Plusieurs réponses possibles./Personnalisation
PSL_DATA_USAGE_RESPONSES:PSL_RACE_ETHNICITY:DATA_USAGE_SHARING_PURPOSE,PSL_ACCOUNT_MANAGEMENT,,MULTIPLE_CHOICE,Utilisation et traitement des données (Origines raciales ou ethniques)/Pourquoi ces données utilisateur sont-elles partagées ? Plusieurs réponses possibles./Gestion des comptes
PSL_DATA_USAGE_RESPONSES:PSL_POLITICAL_RELIGIOUS:PSL_DATA_USAGE_COLLECTION_AND_SHARING,PSL_DATA_USAGE_ONLY_COLLECTED,,MULTIPLE_CHOICE,"Utilisation et traitement des données (Convictions politiques ou religieuses)/Ces données sont-elles collectées, partagées ou les deux ?/Collectées"
PSL_DATA_USAGE_RESPONSES:PSL_POLITICAL_RELIGIOUS:PSL_DATA_USAGE_COLLECTION_AND_SHARING,PSL_DATA_USAGE_ONLY_SHARED,,MULTIPLE_CHOICE,"Utilisation et traitement des données (Convictions politiques ou religieuses)/Ces données sont-elles collectées, partagées ou les deux ?/Partagées"
PSL_DATA_USAGE_RESPONSES:PSL_POLITICAL_RELIGIOUS:PSL_DATA_USAGE_EPHEMERAL,,,MAYBE_REQUIRED,Utilisation et traitement des données (Convictions politiques ou religieuses)/Ces données sont-elles traitées de manière éphémère ?
PSL_DATA_USAGE_RESPONSES:PSL_POLITICAL_RELIGIOUS:DATA_USAGE_USER_CONTROL,PSL_DATA_USAGE_USER_CONTROL_OPTIONAL,,SINGLE_CHOICE,"Utilisation et traitement des données (Convictions politiques ou religieuses)/Ces données sont-elles requises pour votre appli, ou les utilisateurs peuvent-ils décider qu'elles soient collectées ou non ?/Les utilisateurs peuvent choisir si ces données sont collectées ou non"
PSL_DATA_USAGE_RESPONSES:PSL_POLITICAL_RELIGIOUS:DATA_USAGE_USER_CONTROL,PSL_DATA_USAGE_USER_CONTROL_REQUIRED,,SINGLE_CHOICE,"Utilisation et traitement des données (Convictions politiques ou religieuses)/Ces données sont-elles requises pour votre appli, ou les utilisateurs peuvent-ils décider qu'elles soient collectées ou non ?/La collecte de données est requise (les utilisateurs ne peuvent pas désactiver cette collecte)"
PSL_DATA_USAGE_RESPONSES:PSL_POLITICAL_RELIGIOUS:DATA_USAGE_COLLECTION_PURPOSE,PSL_APP_FUNCTIONALITY,,MULTIPLE_CHOICE,Utilisation et traitement des données (Convictions politiques ou religieuses)/Pourquoi ces données utilisateur sont-elles collectées ? Plusieurs réponses possibles./Fonctionnement de l'appli
PSL_DATA_USAGE_RESPONSES:PSL_POLITICAL_RELIGIOUS:DATA_USAGE_COLLECTION_PURPOSE,PSL_ANALYTICS,,MULTIPLE_CHOICE,Utilisation et traitement des données (Convictions politiques ou religieuses)/Pourquoi ces données utilisateur sont-elles collectées ? Plusieurs réponses possibles./Analyse
PSL_DATA_USAGE_RESPONSES:PSL_POLITICAL_RELIGIOUS:DATA_USAGE_COLLECTION_PURPOSE,PSL_DEVELOPER_COMMUNICATIONS,,MULTIPLE_CHOICE,Utilisation et traitement des données (Convictions politiques ou religieuses)/Pourquoi ces données utilisateur sont-elles collectées ? Plusieurs réponses possibles./Communications du développeur
PSL_DATA_USAGE_RESPONSES:PSL_POLITICAL_RELIGIOUS:DATA_USAGE_COLLECTION_PURPOSE,PSL_FRAUD_PREVENTION_SECURITY,,MULTIPLE_CHOICE,"Utilisation et traitement des données (Convictions politiques ou religieuses)/Pourquoi ces données utilisateur sont-elles collectées ? Plusieurs réponses possibles./Prévention des fraudes, sécurité et conformité"
PSL_DATA_USAGE_RESPONSES:PSL_POLITICAL_RELIGIOUS:DATA_USAGE_COLLECTION_PURPOSE,PSL_ADVERTISING,,MULTIPLE_CHOICE,Utilisation et traitement des données (Convictions politiques ou religieuses)/Pourquoi ces données utilisateur sont-elles collectées ? Plusieurs réponses possibles./Publicité ou marketing
PSL_DATA_USAGE_RESPONSES:PSL_POLITICAL_RELIGIOUS:DATA_USAGE_COLLECTION_PURPOSE,PSL_PERSONALIZATION,,MULTIPLE_CHOICE,Utilisation et traitement des données (Convictions politiques ou religieuses)/Pourquoi ces données utilisateur sont-elles collectées ? Plusieurs réponses possibles./Personnalisation
PSL_DATA_USAGE_RESPONSES:PSL_POLITICAL_RELIGIOUS:DATA_USAGE_COLLECTION_PURPOSE,PSL_ACCOUNT_MANAGEMENT,,MULTIPLE_CHOICE,Utilisation et traitement des données (Convictions politiques ou religieuses)/Pourquoi ces données utilisateur sont-elles collectées ? Plusieurs réponses possibles./Gestion des comptes
PSL_DATA_USAGE_RESPONSES:PSL_POLITICAL_RELIGIOUS:DATA_USAGE_SHARING_PURPOSE,PSL_APP_FUNCTIONALITY,,MULTIPLE_CHOICE,Utilisation et traitement des données (Convictions politiques ou religieuses)/Pourquoi ces données utilisateur sont-elles partagées ? Plusieurs réponses possibles./Fonctionnement de l'appli
PSL_DATA_USAGE_RESPONSES:PSL_POLITICAL_RELIGIOUS:DATA_USAGE_SHARING_PURPOSE,PSL_ANALYTICS,,MULTIPLE_CHOICE,Utilisation et traitement des données (Convictions politiques ou religieuses)/Pourquoi ces données utilisateur sont-elles partagées ? Plusieurs réponses possibles./Analyse
PSL_DATA_USAGE_RESPONSES:PSL_POLITICAL_RELIGIOUS:DATA_USAGE_SHARING_PURPOSE,PSL_DEVELOPER_COMMUNICATIONS,,MULTIPLE_CHOICE,Utilisation et traitement des données (Convictions politiques ou religieuses)/Pourquoi ces données utilisateur sont-elles partagées ? Plusieurs réponses possibles./Communications du développeur
PSL_DATA_USAGE_RESPONSES:PSL_POLITICAL_RELIGIOUS:DATA_USAGE_SHARING_PURPOSE,PSL_FRAUD_PREVENTION_SECURITY,,MULTIPLE_CHOICE,"Utilisation et traitement des données (Convictions politiques ou religieuses)/Pourquoi ces données utilisateur sont-elles partagées ? Plusieurs réponses possibles./Prévention des fraudes, sécurité et conformité"
PSL_DATA_USAGE_RESPONSES:PSL_POLITICAL_RELIGIOUS:DATA_USAGE_SHARING_PURPOSE,PSL_ADVERTISING,,MULTIPLE_CHOICE,Utilisation et traitement des données (Convictions politiques ou religieuses)/Pourquoi ces données utilisateur sont-elles partagées ? Plusieurs réponses possibles./Publicité ou marketing
PSL_DATA_USAGE_RESPONSES:PSL_POLITICAL_RELIGIOUS:DATA_USAGE_SHARING_PURPOSE,PSL_PERSONALIZATION,,MULTIPLE_CHOICE,Utilisation et traitement des données (Convictions politiques ou religieuses)/Pourquoi ces données utilisateur sont-elles partagées ? Plusieurs réponses possibles./Personnalisation
PSL_DATA_USAGE_RESPONSES:PSL_POLITICAL_RELIGIOUS:DATA_USAGE_SHARING_PURPOSE,PSL_ACCOUNT_MANAGEMENT,,MULTIPLE_CHOICE,Utilisation et traitement des données (Convictions politiques ou religieuses)/Pourquoi ces données utilisateur sont-elles partagées ? Plusieurs réponses possibles./Gestion des comptes
PSL_DATA_USAGE_RESPONSES:PSL_SEXUAL_ORIENTATION_GENDER_IDENTITY:PSL_DATA_USAGE_COLLECTION_AND_SHARING,PSL_DATA_USAGE_ONLY_COLLECTED,,MULTIPLE_CHOICE,"Utilisation et traitement des données (Orientation sexuelle)/Ces données sont-elles collectées, partagées ou les deux ?/Collectées"
PSL_DATA_USAGE_RESPONSES:PSL_SEXUAL_ORIENTATION_GENDER_IDENTITY:PSL_DATA_USAGE_COLLECTION_AND_SHARING,PSL_DATA_USAGE_ONLY_SHARED,,MULTIPLE_CHOICE,"Utilisation et traitement des données (Orientation sexuelle)/Ces données sont-elles collectées, partagées ou les deux ?/Partagées"
PSL_DATA_USAGE_RESPONSES:PSL_SEXUAL_ORIENTATION_GENDER_IDENTITY:PSL_DATA_USAGE_EPHEMERAL,,,MAYBE_REQUIRED,Utilisation et traitement des données (Orientation sexuelle)/Ces données sont-elles traitées de manière éphémère ?
PSL_DATA_USAGE_RESPONSES:PSL_SEXUAL_ORIENTATION_GENDER_IDENTITY:DATA_USAGE_USER_CONTROL,PSL_DATA_USAGE_USER_CONTROL_OPTIONAL,,SINGLE_CHOICE,"Utilisation et traitement des données (Orientation sexuelle)/Ces données sont-elles requises pour votre appli, ou les utilisateurs peuvent-ils décider qu'elles soient collectées ou non ?/Les utilisateurs peuvent choisir si ces données sont collectées ou non"
PSL_DATA_USAGE_RESPONSES:PSL_SEXUAL_ORIENTATION_GENDER_IDENTITY:DATA_USAGE_USER_CONTROL,PSL_DATA_USAGE_USER_CONTROL_REQUIRED,,SINGLE_CHOICE,"Utilisation et traitement des données (Orientation sexuelle)/Ces données sont-elles requises pour votre appli, ou les utilisateurs peuvent-ils décider qu'elles soient collectées ou non ?/La collecte de données est requise (les utilisateurs ne peuvent pas désactiver cette collecte)"
PSL_DATA_USAGE_RESPONSES:PSL_SEXUAL_ORIENTATION_GENDER_IDENTITY:DATA_USAGE_COLLECTION_PURPOSE,PSL_APP_FUNCTIONALITY,,MULTIPLE_CHOICE,Utilisation et traitement des données (Orientation sexuelle)/Pourquoi ces données utilisateur sont-elles collectées ? Plusieurs réponses possibles./Fonctionnement de l'appli
PSL_DATA_USAGE_RESPONSES:PSL_SEXUAL_ORIENTATION_GENDER_IDENTITY:DATA_USAGE_COLLECTION_PURPOSE,PSL_ANALYTICS,,MULTIPLE_CHOICE,Utilisation et traitement des données (Orientation sexuelle)/Pourquoi ces données utilisateur sont-elles collectées ? Plusieurs réponses possibles./Analyse
PSL_DATA_USAGE_RESPONSES:PSL_SEXUAL_ORIENTATION_GENDER_IDENTITY:DATA_USAGE_COLLECTION_PURPOSE,PSL_DEVELOPER_COMMUNICATIONS,,MULTIPLE_CHOICE,Utilisation et traitement des données (Orientation sexuelle)/Pourquoi ces données utilisateur sont-elles collectées ? Plusieurs réponses possibles./Communications du développeur
PSL_DATA_USAGE_RESPONSES:PSL_SEXUAL_ORIENTATION_GENDER_IDENTITY:DATA_USAGE_COLLECTION_PURPOSE,PSL_FRAUD_PREVENTION_SECURITY,,MULTIPLE_CHOICE,"Utilisation et traitement des données (Orientation sexuelle)/Pourquoi ces données utilisateur sont-elles collectées ? Plusieurs réponses possibles./Prévention des fraudes, sécurité et conformité"
PSL_DATA_USAGE_RESPONSES:PSL_SEXUAL_ORIENTATION_GENDER_IDENTITY:DATA_USAGE_COLLECTION_PURPOSE,PSL_ADVERTISING,,MULTIPLE_CHOICE,Utilisation et traitement des données (Orientation sexuelle)/Pourquoi ces données utilisateur sont-elles collectées ? Plusieurs réponses possibles./Publicité ou marketing
PSL_DATA_USAGE_RESPONSES:PSL_SEXUAL_ORIENTATION_GENDER_IDENTITY:DATA_USAGE_COLLECTION_PURPOSE,PSL_PERSONALIZATION,,MULTIPLE_CHOICE,Utilisation et traitement des données (Orientation sexuelle)/Pourquoi ces données utilisateur sont-elles collectées ? Plusieurs réponses possibles./Personnalisation
PSL_DATA_USAGE_RESPONSES:PSL_SEXUAL_ORIENTATION_GENDER_IDENTITY:DATA_USAGE_COLLECTION_PURPOSE,PSL_ACCOUNT_MANAGEMENT,,MULTIPLE_CHOICE,Utilisation et traitement des données (Orientation sexuelle)/Pourquoi ces données utilisateur sont-elles collectées ? Plusieurs réponses possibles./Gestion des comptes
PSL_DATA_USAGE_RESPONSES:PSL_SEXUAL_ORIENTATION_GENDER_IDENTITY:DATA_USAGE_SHARING_PURPOSE,PSL_APP_FUNCTIONALITY,,MULTIPLE_CHOICE,Utilisation et traitement des données (Orientation sexuelle)/Pourquoi ces données utilisateur sont-elles partagées ? Plusieurs réponses possibles./Fonctionnement de l'appli
PSL_DATA_USAGE_RESPONSES:PSL_SEXUAL_ORIENTATION_GENDER_IDENTITY:DATA_USAGE_SHARING_PURPOSE,PSL_ANALYTICS,,MULTIPLE_CHOICE,Utilisation et traitement des données (Orientation sexuelle)/Pourquoi ces données utilisateur sont-elles partagées ? Plusieurs réponses possibles./Analyse
PSL_DATA_USAGE_RESPONSES:PSL_SEXUAL_ORIENTATION_GENDER_IDENTITY:DATA_USAGE_SHARING_PURPOSE,PSL_DEVELOPER_COMMUNICATIONS,,MULTIPLE_CHOICE,Utilisation et traitement des données (Orientation sexuelle)/Pourquoi ces données utilisateur sont-elles partagées ? Plusieurs réponses possibles./Communications du développeur
PSL_DATA_USAGE_RESPONSES:PSL_SEXUAL_ORIENTATION_GENDER_IDENTITY:DATA_USAGE_SHARING_PURPOSE,PSL_FRAUD_PREVENTION_SECURITY,,MULTIPLE_CHOICE,"Utilisation et traitement des données (Orientation sexuelle)/Pourquoi ces données utilisateur sont-elles partagées ? Plusieurs réponses possibles./Prévention des fraudes, sécurité et conformité"
PSL_DATA_USAGE_RESPONSES:PSL_SEXUAL_ORIENTATION_GENDER_IDENTITY:DATA_USAGE_SHARING_PURPOSE,PSL_ADVERTISING,,MULTIPLE_CHOICE,Utilisation et traitement des données (Orientation sexuelle)/Pourquoi ces données utilisateur sont-elles partagées ? Plusieurs réponses possibles./Publicité ou marketing
PSL_DATA_USAGE_RESPONSES:PSL_SEXUAL_ORIENTATION_GENDER_IDENTITY:DATA_USAGE_SHARING_PURPOSE,PSL_PERSONALIZATION,,MULTIPLE_CHOICE,Utilisation et traitement des données (Orientation sexuelle)/Pourquoi ces données utilisateur sont-elles partagées ? Plusieurs réponses possibles./Personnalisation
PSL_DATA_USAGE_RESPONSES:PSL_SEXUAL_ORIENTATION_GENDER_IDENTITY:DATA_USAGE_SHARING_PURPOSE,PSL_ACCOUNT_MANAGEMENT,,MULTIPLE_CHOICE,Utilisation et traitement des données (Orientation sexuelle)/Pourquoi ces données utilisateur sont-elles partagées ? Plusieurs réponses possibles./Gestion des comptes
PSL_DATA_USAGE_RESPONSES:PSL_OTHER_PERSONAL:PSL_DATA_USAGE_COLLECTION_AND_SHARING,PSL_DATA_USAGE_ONLY_COLLECTED,,MULTIPLE_CHOICE,"Utilisation et traitement des données (Autres infos)/Ces données sont-elles collectées, partagées ou les deux ?/Collectées"
PSL_DATA_USAGE_RESPONSES:PSL_OTHER_PERSONAL:PSL_DATA_USAGE_COLLECTION_AND_SHARING,PSL_DATA_USAGE_ONLY_SHARED,,MULTIPLE_CHOICE,"Utilisation et traitement des données (Autres infos)/Ces données sont-elles collectées, partagées ou les deux ?/Partagées"
PSL_DATA_USAGE_RESPONSES:PSL_OTHER_PERSONAL:PSL_DATA_USAGE_EPHEMERAL,,,MAYBE_REQUIRED,Utilisation et traitement des données (Autres infos)/Ces données sont-elles traitées de manière éphémère ?
PSL_DATA_USAGE_RESPONSES:PSL_OTHER_PERSONAL:DATA_USAGE_USER_CONTROL,PSL_DATA_USAGE_USER_CONTROL_OPTIONAL,,SINGLE_CHOICE,"Utilisation et traitement des données (Autres infos)/Ces données sont-elles requises pour votre appli, ou les utilisateurs peuvent-ils décider qu'elles soient collectées ou non ?/Les utilisateurs peuvent choisir si ces données sont collectées ou non"
PSL_DATA_USAGE_RESPONSES:PSL_OTHER_PERSONAL:DATA_USAGE_USER_CONTROL,PSL_DATA_USAGE_USER_CONTROL_REQUIRED,,SINGLE_CHOICE,"Utilisation et traitement des données (Autres infos)/Ces données sont-elles requises pour votre appli, ou les utilisateurs peuvent-ils décider qu'elles soient collectées ou non ?/La collecte de données est requise (les utilisateurs ne peuvent pas désactiver cette collecte)"
PSL_DATA_USAGE_RESPONSES:PSL_OTHER_PERSONAL:DATA_USAGE_COLLECTION_PURPOSE,PSL_APP_FUNCTIONALITY,,MULTIPLE_CHOICE,Utilisation et traitement des données (Autres infos)/Pourquoi ces données utilisateur sont-elles collectées ? Plusieurs réponses possibles./Fonctionnement de l'appli
PSL_DATA_USAGE_RESPONSES:PSL_OTHER_PERSONAL:DATA_USAGE_COLLECTION_PURPOSE,PSL_ANALYTICS,,MULTIPLE_CHOICE,Utilisation et traitement des données (Autres infos)/Pourquoi ces données utilisateur sont-elles collectées ? Plusieurs réponses possibles./Analyse
PSL_DATA_USAGE_RESPONSES:PSL_OTHER_PERSONAL:DATA_USAGE_COLLECTION_PURPOSE,PSL_DEVELOPER_COMMUNICATIONS,,MULTIPLE_CHOICE,Utilisation et traitement des données (Autres infos)/Pourquoi ces données utilisateur sont-elles collectées ? Plusieurs réponses possibles./Communications du développeur
PSL_DATA_USAGE_RESPONSES:PSL_OTHER_PERSONAL:DATA_USAGE_COLLECTION_PURPOSE,PSL_FRAUD_PREVENTION_SECURITY,,MULTIPLE_CHOICE,"Utilisation et traitement des données (Autres infos)/Pourquoi ces données utilisateur sont-elles collectées ? Plusieurs réponses possibles./Prévention des fraudes, sécurité et conformité"
PSL_DATA_USAGE_RESPONSES:PSL_OTHER_PERSONAL:DATA_USAGE_COLLECTION_PURPOSE,PSL_ADVERTISING,,MULTIPLE_CHOICE,Utilisation et traitement des données (Autres infos)/Pourquoi ces données utilisateur sont-elles collectées ? Plusieurs réponses possibles./Publicité ou marketing
PSL_DATA_USAGE_RESPONSES:PSL_OTHER_PERSONAL:DATA_USAGE_COLLECTION_PURPOSE,PSL_PERSONALIZATION,,MULTIPLE_CHOICE,Utilisation et traitement des données (Autres infos)/Pourquoi ces données utilisateur sont-elles collectées ? Plusieurs réponses possibles./Personnalisation
PSL_DATA_USAGE_RESPONSES:PSL_OTHER_PERSONAL:DATA_USAGE_COLLECTION_PURPOSE,PSL_ACCOUNT_MANAGEMENT,,MULTIPLE_CHOICE,Utilisation et traitement des données (Autres infos)/Pourquoi ces données utilisateur sont-elles collectées ? Plusieurs réponses possibles./Gestion des comptes
PSL_DATA_USAGE_RESPONSES:PSL_OTHER_PERSONAL:DATA_USAGE_SHARING_PURPOSE,PSL_APP_FUNCTIONALITY,,MULTIPLE_CHOICE,Utilisation et traitement des données (Autres infos)/Pourquoi ces données utilisateur sont-elles partagées ? Plusieurs réponses possibles./Fonctionnement de l'appli
PSL_DATA_USAGE_RESPONSES:PSL_OTHER_PERSONAL:DATA_USAGE_SHARING_PURPOSE,PSL_ANALYTICS,,MULTIPLE_CHOICE,Utilisation et traitement des données (Autres infos)/Pourquoi ces données utilisateur sont-elles partagées ? Plusieurs réponses possibles./Analyse
PSL_DATA_USAGE_RESPONSES:PSL_OTHER_PERSONAL:DATA_USAGE_SHARING_PURPOSE,PSL_DEVELOPER_COMMUNICATIONS,,MULTIPLE_CHOICE,Utilisation et traitement des données (Autres infos)/Pourquoi ces données utilisateur sont-elles partagées ? Plusieurs réponses possibles./Communications du développeur
PSL_DATA_USAGE_RESPONSES:PSL_OTHER_PERSONAL:DATA_USAGE_SHARING_PURPOSE,PSL_FRAUD_PREVENTION_SECURITY,,MULTIPLE_CHOICE,"Utilisation et traitement des données (Autres infos)/Pourquoi ces données utilisateur sont-elles partagées ? Plusieurs réponses possibles./Prévention des fraudes, sécurité et conformité"
PSL_DATA_USAGE_RESPONSES:PSL_OTHER_PERSONAL:DATA_USAGE_SHARING_PURPOSE,PSL_ADVERTISING,,MULTIPLE_CHOICE,Utilisation et traitement des données (Autres infos)/Pourquoi ces données utilisateur sont-elles partagées ? Plusieurs réponses possibles./Publicité ou marketing
PSL_DATA_USAGE_RESPONSES:PSL_OTHER_PERSONAL:DATA_USAGE_SHARING_PURPOSE,PSL_PERSONALIZATION,,MULTIPLE_CHOICE,Utilisation et traitement des données (Autres infos)/Pourquoi ces données utilisateur sont-elles partagées ? Plusieurs réponses possibles./Personnalisation
PSL_DATA_USAGE_RESPONSES:PSL_OTHER_PERSONAL:DATA_USAGE_SHARING_PURPOSE,PSL_ACCOUNT_MANAGEMENT,,MULTIPLE_CHOICE,Utilisation et traitement des données (Autres infos)/Pourquoi ces données utilisateur sont-elles partagées ? Plusieurs réponses possibles./Gestion des comptes
PSL_DATA_USAGE_RESPONSES:PSL_CREDIT_DEBIT_BANK_ACCOUNT_NUMBER:PSL_DATA_USAGE_COLLECTION_AND_SHARING,PSL_DATA_USAGE_ONLY_COLLECTED,,MULTIPLE_CHOICE,"Utilisation et traitement des données (Informations de paiement de l'utilisateur)/Ces données sont-elles collectées, partagées ou les deux ?/Collectées"
PSL_DATA_USAGE_RESPONSES:PSL_CREDIT_DEBIT_BANK_ACCOUNT_NUMBER:PSL_DATA_USAGE_COLLECTION_AND_SHARING,PSL_DATA_USAGE_ONLY_SHARED,,MULTIPLE_CHOICE,"Utilisation et traitement des données (Informations de paiement de l'utilisateur)/Ces données sont-elles collectées, partagées ou les deux ?/Partagées"
PSL_DATA_USAGE_RESPONSES:PSL_CREDIT_DEBIT_BANK_ACCOUNT_NUMBER:PSL_DATA_USAGE_EPHEMERAL,,,MAYBE_REQUIRED,Utilisation et traitement des données (Informations de paiement de l'utilisateur)/Ces données sont-elles traitées de manière éphémère ?
PSL_DATA_USAGE_RESPONSES:PSL_CREDIT_DEBIT_BANK_ACCOUNT_NUMBER:DATA_USAGE_USER_CONTROL,PSL_DATA_USAGE_USER_CONTROL_OPTIONAL,,SINGLE_CHOICE,"Utilisation et traitement des données (Informations de paiement de l'utilisateur)/Ces données sont-elles requises pour votre appli, ou les utilisateurs peuvent-ils décider qu'elles soient collectées ou non ?/Les utilisateurs peuvent choisir si ces données sont collectées ou non"
PSL_DATA_USAGE_RESPONSES:PSL_CREDIT_DEBIT_BANK_ACCOUNT_NUMBER:DATA_USAGE_USER_CONTROL,PSL_DATA_USAGE_USER_CONTROL_REQUIRED,,SINGLE_CHOICE,"Utilisation et traitement des données (Informations de paiement de l'utilisateur)/Ces données sont-elles requises pour votre appli, ou les utilisateurs peuvent-ils décider qu'elles soient collectées ou non ?/La collecte de données est requise (les utilisateurs ne peuvent pas désactiver cette collecte)"
PSL_DATA_USAGE_RESPONSES:PSL_CREDIT_DEBIT_BANK_ACCOUNT_NUMBER:DATA_USAGE_COLLECTION_PURPOSE,PSL_APP_FUNCTIONALITY,,MULTIPLE_CHOICE,Utilisation et traitement des données (Informations de paiement de l'utilisateur)/Pourquoi ces données utilisateur sont-elles collectées ? Plusieurs réponses possibles./Fonctionnement de l'appli
PSL_DATA_USAGE_RESPONSES:PSL_CREDIT_DEBIT_BANK_ACCOUNT_NUMBER:DATA_USAGE_COLLECTION_PURPOSE,PSL_ANALYTICS,,MULTIPLE_CHOICE,Utilisation et traitement des données (Informations de paiement de l'utilisateur)/Pourquoi ces données utilisateur sont-elles collectées ? Plusieurs réponses possibles./Analyse
PSL_DATA_USAGE_RESPONSES:PSL_CREDIT_DEBIT_BANK_ACCOUNT_NUMBER:DATA_USAGE_COLLECTION_PURPOSE,PSL_DEVELOPER_COMMUNICATIONS,,MULTIPLE_CHOICE,Utilisation et traitement des données (Informations de paiement de l'utilisateur)/Pourquoi ces données utilisateur sont-elles collectées ? Plusieurs réponses possibles./Communications du développeur
PSL_DATA_USAGE_RESPONSES:PSL_CREDIT_DEBIT_BANK_ACCOUNT_NUMBER:DATA_USAGE_COLLECTION_PURPOSE,PSL_FRAUD_PREVENTION_SECURITY,,MULTIPLE_CHOICE,"Utilisation et traitement des données (Informations de paiement de l'utilisateur)/Pourquoi ces données utilisateur sont-elles collectées ? Plusieurs réponses possibles./Prévention des fraudes, sécurité et conformité"
PSL_DATA_USAGE_RESPONSES:PSL_CREDIT_DEBIT_BANK_ACCOUNT_NUMBER:DATA_USAGE_COLLECTION_PURPOSE,PSL_ADVERTISING,,MULTIPLE_CHOICE,Utilisation et traitement des données (Informations de paiement de l'utilisateur)/Pourquoi ces données utilisateur sont-elles collectées ? Plusieurs réponses possibles./Publicité ou marketing
PSL_DATA_USAGE_RESPONSES:PSL_CREDIT_DEBIT_BANK_ACCOUNT_NUMBER:DATA_USAGE_COLLECTION_PURPOSE,PSL_PERSONALIZATION,,MULTIPLE_CHOICE,Utilisation et traitement des données (Informations de paiement de l'utilisateur)/Pourquoi ces données utilisateur sont-elles collectées ? Plusieurs réponses possibles./Personnalisation
PSL_DATA_USAGE_RESPONSES:PSL_CREDIT_DEBIT_BANK_ACCOUNT_NUMBER:DATA_USAGE_COLLECTION_PURPOSE,PSL_ACCOUNT_MANAGEMENT,,MULTIPLE_CHOICE,Utilisation et traitement des données (Informations de paiement de l'utilisateur)/Pourquoi ces données utilisateur sont-elles collectées ? Plusieurs réponses possibles./Gestion des comptes
PSL_DATA_USAGE_RESPONSES:PSL_CREDIT_DEBIT_BANK_ACCOUNT_NUMBER:DATA_USAGE_SHARING_PURPOSE,PSL_APP_FUNCTIONALITY,,MULTIPLE_CHOICE,Utilisation et traitement des données (Informations de paiement de l'utilisateur)/Pourquoi ces données utilisateur sont-elles partagées ? Plusieurs réponses possibles./Fonctionnement de l'appli
PSL_DATA_USAGE_RESPONSES:PSL_CREDIT_DEBIT_BANK_ACCOUNT_NUMBER:DATA_USAGE_SHARING_PURPOSE,PSL_ANALYTICS,,MULTIPLE_CHOICE,Utilisation et traitement des données (Informations de paiement de l'utilisateur)/Pourquoi ces données utilisateur sont-elles partagées ? Plusieurs réponses possibles./Analyse
PSL_DATA_USAGE_RESPONSES:PSL_CREDIT_DEBIT_BANK_ACCOUNT_NUMBER:DATA_USAGE_SHARING_PURPOSE,PSL_DEVELOPER_COMMUNICATIONS,,MULTIPLE_CHOICE,Utilisation et traitement des données (Informations de paiement de l'utilisateur)/Pourquoi ces données utilisateur sont-elles partagées ? Plusieurs réponses possibles./Communications du développeur
PSL_DATA_USAGE_RESPONSES:PSL_CREDIT_DEBIT_BANK_ACCOUNT_NUMBER:DATA_USAGE_SHARING_PURPOSE,PSL_FRAUD_PREVENTION_SECURITY,,MULTIPLE_CHOICE,"Utilisation et traitement des données (Informations de paiement de l'utilisateur)/Pourquoi ces données utilisateur sont-elles partagées ? Plusieurs réponses possibles./Prévention des fraudes, sécurité et conformité"
PSL_DATA_USAGE_RESPONSES:PSL_CREDIT_DEBIT_BANK_ACCOUNT_NUMBER:DATA_USAGE_SHARING_PURPOSE,PSL_ADVERTISING,,MULTIPLE_CHOICE,Utilisation et traitement des données (Informations de paiement de l'utilisateur)/Pourquoi ces données utilisateur sont-elles partagées ? Plusieurs réponses possibles./Publicité ou marketing
PSL_DATA_USAGE_RESPONSES:PSL_CREDIT_DEBIT_BANK_ACCOUNT_NUMBER:DATA_USAGE_SHARING_PURPOSE,PSL_PERSONALIZATION,,MULTIPLE_CHOICE,Utilisation et traitement des données (Informations de paiement de l'utilisateur)/Pourquoi ces données utilisateur sont-elles partagées ? Plusieurs réponses possibles./Personnalisation
PSL_DATA_USAGE_RESPONSES:PSL_CREDIT_DEBIT_BANK_ACCOUNT_NUMBER:DATA_USAGE_SHARING_PURPOSE,PSL_ACCOUNT_MANAGEMENT,,MULTIPLE_CHOICE,Utilisation et traitement des données (Informations de paiement de l'utilisateur)/Pourquoi ces données utilisateur sont-elles partagées ? Plusieurs réponses possibles./Gestion des comptes
PSL_DATA_USAGE_RESPONSES:PSL_PURCHASE_HISTORY:PSL_DATA_USAGE_COLLECTION_AND_SHARING,PSL_DATA_USAGE_ONLY_COLLECTED,,MULTIPLE_CHOICE,"Utilisation et traitement des données (Historique des achats)/Ces données sont-elles collectées, partagées ou les deux ?/Collectées"
PSL_DATA_USAGE_RESPONSES:PSL_PURCHASE_HISTORY:PSL_DATA_USAGE_COLLECTION_AND_SHARING,PSL_DATA_USAGE_ONLY_SHARED,,MULTIPLE_CHOICE,"Utilisation et traitement des données (Historique des achats)/Ces données sont-elles collectées, partagées ou les deux ?/Partagées"
PSL_DATA_USAGE_RESPONSES:PSL_PURCHASE_HISTORY:PSL_DATA_USAGE_EPHEMERAL,,,MAYBE_REQUIRED,Utilisation et traitement des données (Historique des achats)/Ces données sont-elles traitées de manière éphémère ?
PSL_DATA_USAGE_RESPONSES:PSL_PURCHASE_HISTORY:DATA_USAGE_USER_CONTROL,PSL_DATA_USAGE_USER_CONTROL_OPTIONAL,,SINGLE_CHOICE,"Utilisation et traitement des données (Historique des achats)/Ces données sont-elles requises pour votre appli, ou les utilisateurs peuvent-ils décider qu'elles soient collectées ou non ?/Les utilisateurs peuvent choisir si ces données sont collectées ou non"
PSL_DATA_USAGE_RESPONSES:PSL_PURCHASE_HISTORY:DATA_USAGE_USER_CONTROL,PSL_DATA_USAGE_USER_CONTROL_REQUIRED,,SINGLE_CHOICE,"Utilisation et traitement des données (Historique des achats)/Ces données sont-elles requises pour votre appli, ou les utilisateurs peuvent-ils décider qu'elles soient collectées ou non ?/La collecte de données est requise (les utilisateurs ne peuvent pas désactiver cette collecte)"
PSL_DATA_USAGE_RESPONSES:PSL_PURCHASE_HISTORY:DATA_USAGE_COLLECTION_PURPOSE,PSL_APP_FUNCTIONALITY,,MULTIPLE_CHOICE,Utilisation et traitement des données (Historique des achats)/Pourquoi ces données utilisateur sont-elles collectées ? Plusieurs réponses possibles./Fonctionnement de l'appli
PSL_DATA_USAGE_RESPONSES:PSL_PURCHASE_HISTORY:DATA_USAGE_COLLECTION_PURPOSE,PSL_ANALYTICS,,MULTIPLE_CHOICE,Utilisation et traitement des données (Historique des achats)/Pourquoi ces données utilisateur sont-elles collectées ? Plusieurs réponses possibles./Analyse
PSL_DATA_USAGE_RESPONSES:PSL_PURCHASE_HISTORY:DATA_USAGE_COLLECTION_PURPOSE,PSL_DEVELOPER_COMMUNICATIONS,,MULTIPLE_CHOICE,Utilisation et traitement des données (Historique des achats)/Pourquoi ces données utilisateur sont-elles collectées ? Plusieurs réponses possibles./Communications du développeur
PSL_DATA_USAGE_RESPONSES:PSL_PURCHASE_HISTORY:DATA_USAGE_COLLECTION_PURPOSE,PSL_FRAUD_PREVENTION_SECURITY,,MULTIPLE_CHOICE,"Utilisation et traitement des données (Historique des achats)/Pourquoi ces données utilisateur sont-elles collectées ? Plusieurs réponses possibles./Prévention des fraudes, sécurité et conformité"
PSL_DATA_USAGE_RESPONSES:PSL_PURCHASE_HISTORY:DATA_USAGE_COLLECTION_PURPOSE,PSL_ADVERTISING,,MULTIPLE_CHOICE,Utilisation et traitement des données (Historique des achats)/Pourquoi ces données utilisateur sont-elles collectées ? Plusieurs réponses possibles./Publicité ou marketing
PSL_DATA_USAGE_RESPONSES:PSL_PURCHASE_HISTORY:DATA_USAGE_COLLECTION_PURPOSE,PSL_PERSONALIZATION,,MULTIPLE_CHOICE,Utilisation et traitement des données (Historique des achats)/Pourquoi ces données utilisateur sont-elles collectées ? Plusieurs réponses possibles./Personnalisation
PSL_DATA_USAGE_RESPONSES:PSL_PURCHASE_HISTORY:DATA_USAGE_COLLECTION_PURPOSE,PSL_ACCOUNT_MANAGEMENT,,MULTIPLE_CHOICE,Utilisation et traitement des données (Historique des achats)/Pourquoi ces données utilisateur sont-elles collectées ? Plusieurs réponses possibles./Gestion des comptes
PSL_DATA_USAGE_RESPONSES:PSL_PURCHASE_HISTORY:DATA_USAGE_SHARING_PURPOSE,PSL_APP_FUNCTIONALITY,,MULTIPLE_CHOICE,Utilisation et traitement des données (Historique des achats)/Pourquoi ces données utilisateur sont-elles partagées ? Plusieurs réponses possibles./Fonctionnement de l'appli
PSL_DATA_USAGE_RESPONSES:PSL_PURCHASE_HISTORY:DATA_USAGE_SHARING_PURPOSE,PSL_ANALYTICS,,MULTIPLE_CHOICE,Utilisation et traitement des données (Historique des achats)/Pourquoi ces données utilisateur sont-elles partagées ? Plusieurs réponses possibles./Analyse
PSL_DATA_USAGE_RESPONSES:PSL_PURCHASE_HISTORY:DATA_USAGE_SHARING_PURPOSE,PSL_DEVELOPER_COMMUNICATIONS,,MULTIPLE_CHOICE,Utilisation et traitement des données (Historique des achats)/Pourquoi ces données utilisateur sont-elles partagées ? Plusieurs réponses possibles./Communications du développeur
PSL_DATA_USAGE_RESPONSES:PSL_PURCHASE_HISTORY:DATA_USAGE_SHARING_PURPOSE,PSL_FRAUD_PREVENTION_SECURITY,,MULTIPLE_CHOICE,"Utilisation et traitement des données (Historique des achats)/Pourquoi ces données utilisateur sont-elles partagées ? Plusieurs réponses possibles./Prévention des fraudes, sécurité et conformité"
PSL_DATA_USAGE_RESPONSES:PSL_PURCHASE_HISTORY:DATA_USAGE_SHARING_PURPOSE,PSL_ADVERTISING,,MULTIPLE_CHOICE,Utilisation et traitement des données (Historique des achats)/Pourquoi ces données utilisateur sont-elles partagées ? Plusieurs réponses possibles./Publicité ou marketing
PSL_DATA_USAGE_RESPONSES:PSL_PURCHASE_HISTORY:DATA_USAGE_SHARING_PURPOSE,PSL_PERSONALIZATION,,MULTIPLE_CHOICE,Utilisation et traitement des données (Historique des achats)/Pourquoi ces données utilisateur sont-elles partagées ? Plusieurs réponses possibles./Personnalisation
PSL_DATA_USAGE_RESPONSES:PSL_PURCHASE_HISTORY:DATA_USAGE_SHARING_PURPOSE,PSL_ACCOUNT_MANAGEMENT,,MULTIPLE_CHOICE,Utilisation et traitement des données (Historique des achats)/Pourquoi ces données utilisateur sont-elles partagées ? Plusieurs réponses possibles./Gestion des comptes
PSL_DATA_USAGE_RESPONSES:PSL_CREDIT_SCORE:PSL_DATA_USAGE_COLLECTION_AND_SHARING,PSL_DATA_USAGE_ONLY_COLLECTED,,MULTIPLE_CHOICE,"Utilisation et traitement des données (Cote de crédit)/Ces données sont-elles collectées, partagées ou les deux ?/Collectées"
PSL_DATA_USAGE_RESPONSES:PSL_CREDIT_SCORE:PSL_DATA_USAGE_COLLECTION_AND_SHARING,PSL_DATA_USAGE_ONLY_SHARED,,MULTIPLE_CHOICE,"Utilisation et traitement des données (Cote de crédit)/Ces données sont-elles collectées, partagées ou les deux ?/Partagées"
PSL_DATA_USAGE_RESPONSES:PSL_CREDIT_SCORE:PSL_DATA_USAGE_EPHEMERAL,,,MAYBE_REQUIRED,Utilisation et traitement des données (Cote de crédit)/Ces données sont-elles traitées de manière éphémère ?
PSL_DATA_USAGE_RESPONSES:PSL_CREDIT_SCORE:DATA_USAGE_USER_CONTROL,PSL_DATA_USAGE_USER_CONTROL_OPTIONAL,,SINGLE_CHOICE,"Utilisation et traitement des données (Cote de crédit)/Ces données sont-elles requises pour votre appli, ou les utilisateurs peuvent-ils décider qu'elles soient collectées ou non ?/Les utilisateurs peuvent choisir si ces données sont collectées ou non"
PSL_DATA_USAGE_RESPONSES:PSL_CREDIT_SCORE:DATA_USAGE_USER_CONTROL,PSL_DATA_USAGE_USER_CONTROL_REQUIRED,,SINGLE_CHOICE,"Utilisation et traitement des données (Cote de crédit)/Ces données sont-elles requises pour votre appli, ou les utilisateurs peuvent-ils décider qu'elles soient collectées ou non ?/La collecte de données est requise (les utilisateurs ne peuvent pas désactiver cette collecte)"
PSL_DATA_USAGE_RESPONSES:PSL_CREDIT_SCORE:DATA_USAGE_COLLECTION_PURPOSE,PSL_APP_FUNCTIONALITY,,MULTIPLE_CHOICE,Utilisation et traitement des données (Cote de crédit)/Pourquoi ces données utilisateur sont-elles collectées ? Plusieurs réponses possibles./Fonctionnement de l'appli
PSL_DATA_USAGE_RESPONSES:PSL_CREDIT_SCORE:DATA_USAGE_COLLECTION_PURPOSE,PSL_ANALYTICS,,MULTIPLE_CHOICE,Utilisation et traitement des données (Cote de crédit)/Pourquoi ces données utilisateur sont-elles collectées ? Plusieurs réponses possibles./Analyse
PSL_DATA_USAGE_RESPONSES:PSL_CREDIT_SCORE:DATA_USAGE_COLLECTION_PURPOSE,PSL_DEVELOPER_COMMUNICATIONS,,MULTIPLE_CHOICE,Utilisation et traitement des données (Cote de crédit)/Pourquoi ces données utilisateur sont-elles collectées ? Plusieurs réponses possibles./Communications du développeur
PSL_DATA_USAGE_RESPONSES:PSL_CREDIT_SCORE:DATA_USAGE_COLLECTION_PURPOSE,PSL_FRAUD_PREVENTION_SECURITY,,MULTIPLE_CHOICE,"Utilisation et traitement des données (Cote de crédit)/Pourquoi ces données utilisateur sont-elles collectées ? Plusieurs réponses possibles./Prévention des fraudes, sécurité et conformité"
PSL_DATA_USAGE_RESPONSES:PSL_CREDIT_SCORE:DATA_USAGE_COLLECTION_PURPOSE,PSL_ADVERTISING,,MULTIPLE_CHOICE,Utilisation et traitement des données (Cote de crédit)/Pourquoi ces données utilisateur sont-elles collectées ? Plusieurs réponses possibles./Publicité ou marketing
PSL_DATA_USAGE_RESPONSES:PSL_CREDIT_SCORE:DATA_USAGE_COLLECTION_PURPOSE,PSL_PERSONALIZATION,,MULTIPLE_CHOICE,Utilisation et traitement des données (Cote de crédit)/Pourquoi ces données utilisateur sont-elles collectées ? Plusieurs réponses possibles./Personnalisation
PSL_DATA_USAGE_RESPONSES:PSL_CREDIT_SCORE:DATA_USAGE_COLLECTION_PURPOSE,PSL_ACCOUNT_MANAGEMENT,,MULTIPLE_CHOICE,Utilisation et traitement des données (Cote de crédit)/Pourquoi ces données utilisateur sont-elles collectées ? Plusieurs réponses possibles./Gestion des comptes
PSL_DATA_USAGE_RESPONSES:PSL_CREDIT_SCORE:DATA_USAGE_SHARING_PURPOSE,PSL_APP_FUNCTIONALITY,,MULTIPLE_CHOICE,Utilisation et traitement des données (Cote de crédit)/Pourquoi ces données utilisateur sont-elles partagées ? Plusieurs réponses possibles./Fonctionnement de l'appli
PSL_DATA_USAGE_RESPONSES:PSL_CREDIT_SCORE:DATA_USAGE_SHARING_PURPOSE,PSL_ANALYTICS,,MULTIPLE_CHOICE,Utilisation et traitement des données (Cote de crédit)/Pourquoi ces données utilisateur sont-elles partagées ? Plusieurs réponses possibles./Analyse
PSL_DATA_USAGE_RESPONSES:PSL_CREDIT_SCORE:DATA_USAGE_SHARING_PURPOSE,PSL_DEVELOPER_COMMUNICATIONS,,MULTIPLE_CHOICE,Utilisation et traitement des données (Cote de crédit)/Pourquoi ces données utilisateur sont-elles partagées ? Plusieurs réponses possibles./Communications du développeur
PSL_DATA_USAGE_RESPONSES:PSL_CREDIT_SCORE:DATA_USAGE_SHARING_PURPOSE,PSL_FRAUD_PREVENTION_SECURITY,,MULTIPLE_CHOICE,"Utilisation et traitement des données (Cote de crédit)/Pourquoi ces données utilisateur sont-elles partagées ? Plusieurs réponses possibles./Prévention des fraudes, sécurité et conformité"
PSL_DATA_USAGE_RESPONSES:PSL_CREDIT_SCORE:DATA_USAGE_SHARING_PURPOSE,PSL_ADVERTISING,,MULTIPLE_CHOICE,Utilisation et traitement des données (Cote de crédit)/Pourquoi ces données utilisateur sont-elles partagées ? Plusieurs réponses possibles./Publicité ou marketing
PSL_DATA_USAGE_RESPONSES:PSL_CREDIT_SCORE:DATA_USAGE_SHARING_PURPOSE,PSL_PERSONALIZATION,,MULTIPLE_CHOICE,Utilisation et traitement des données (Cote de crédit)/Pourquoi ces données utilisateur sont-elles partagées ? Plusieurs réponses possibles./Personnalisation
PSL_DATA_USAGE_RESPONSES:PSL_CREDIT_SCORE:DATA_USAGE_SHARING_PURPOSE,PSL_ACCOUNT_MANAGEMENT,,MULTIPLE_CHOICE,Utilisation et traitement des données (Cote de crédit)/Pourquoi ces données utilisateur sont-elles partagées ? Plusieurs réponses possibles./Gestion des comptes
PSL_DATA_USAGE_RESPONSES:PSL_OTHER:PSL_DATA_USAGE_COLLECTION_AND_SHARING,PSL_DATA_USAGE_ONLY_COLLECTED,,MULTIPLE_CHOICE,"Utilisation et traitement des données (Autres infos financières)/Ces données sont-elles collectées, partagées ou les deux ?/Collectées"
PSL_DATA_USAGE_RESPONSES:PSL_OTHER:PSL_DATA_USAGE_COLLECTION_AND_SHARING,PSL_DATA_USAGE_ONLY_SHARED,,MULTIPLE_CHOICE,"Utilisation et traitement des données (Autres infos financières)/Ces données sont-elles collectées, partagées ou les deux ?/Partagées"
PSL_DATA_USAGE_RESPONSES:PSL_OTHER:PSL_DATA_USAGE_EPHEMERAL,,,MAYBE_REQUIRED,Utilisation et traitement des données (Autres infos financières)/Ces données sont-elles traitées de manière éphémère ?
PSL_DATA_USAGE_RESPONSES:PSL_OTHER:DATA_USAGE_USER_CONTROL,PSL_DATA_USAGE_USER_CONTROL_OPTIONAL,,SINGLE_CHOICE,"Utilisation et traitement des données (Autres infos financières)/Ces données sont-elles requises pour votre appli, ou les utilisateurs peuvent-ils décider qu'elles soient collectées ou non ?/Les utilisateurs peuvent choisir si ces données sont collectées ou non"
PSL_DATA_USAGE_RESPONSES:PSL_OTHER:DATA_USAGE_USER_CONTROL,PSL_DATA_USAGE_USER_CONTROL_REQUIRED,,SINGLE_CHOICE,"Utilisation et traitement des données (Autres infos financières)/Ces données sont-elles requises pour votre appli, ou les utilisateurs peuvent-ils décider qu'elles soient collectées ou non ?/La collecte de données est requise (les utilisateurs ne peuvent pas désactiver cette collecte)"
PSL_DATA_USAGE_RESPONSES:PSL_OTHER:DATA_USAGE_COLLECTION_PURPOSE,PSL_APP_FUNCTIONALITY,,MULTIPLE_CHOICE,Utilisation et traitement des données (Autres infos financières)/Pourquoi ces données utilisateur sont-elles collectées ? Plusieurs réponses possibles./Fonctionnement de l'appli
PSL_DATA_USAGE_RESPONSES:PSL_OTHER:DATA_USAGE_COLLECTION_PURPOSE,PSL_ANALYTICS,,MULTIPLE_CHOICE,Utilisation et traitement des données (Autres infos financières)/Pourquoi ces données utilisateur sont-elles collectées ? Plusieurs réponses possibles./Analyse
PSL_DATA_USAGE_RESPONSES:PSL_OTHER:DATA_USAGE_COLLECTION_PURPOSE,PSL_DEVELOPER_COMMUNICATIONS,,MULTIPLE_CHOICE,Utilisation et traitement des données (Autres infos financières)/Pourquoi ces données utilisateur sont-elles collectées ? Plusieurs réponses possibles./Communications du développeur
PSL_DATA_USAGE_RESPONSES:PSL_OTHER:DATA_USAGE_COLLECTION_PURPOSE,PSL_FRAUD_PREVENTION_SECURITY,,MULTIPLE_CHOICE,"Utilisation et traitement des données (Autres infos financières)/Pourquoi ces données utilisateur sont-elles collectées ? Plusieurs réponses possibles./Prévention des fraudes, sécurité et conformité"
PSL_DATA_USAGE_RESPONSES:PSL_OTHER:DATA_USAGE_COLLECTION_PURPOSE,PSL_ADVERTISING,,MULTIPLE_CHOICE,Utilisation et traitement des données (Autres infos financières)/Pourquoi ces données utilisateur sont-elles collectées ? Plusieurs réponses possibles./Publicité ou marketing
PSL_DATA_USAGE_RESPONSES:PSL_OTHER:DATA_USAGE_COLLECTION_PURPOSE,PSL_PERSONALIZATION,,MULTIPLE_CHOICE,Utilisation et traitement des données (Autres infos financières)/Pourquoi ces données utilisateur sont-elles collectées ? Plusieurs réponses possibles./Personnalisation
PSL_DATA_USAGE_RESPONSES:PSL_OTHER:DATA_USAGE_COLLECTION_PURPOSE,PSL_ACCOUNT_MANAGEMENT,,MULTIPLE_CHOICE,Utilisation et traitement des données (Autres infos financières)/Pourquoi ces données utilisateur sont-elles collectées ? Plusieurs réponses possibles./Gestion des comptes
PSL_DATA_USAGE_RESPONSES:PSL_OTHER:DATA_USAGE_SHARING_PURPOSE,PSL_APP_FUNCTIONALITY,,MULTIPLE_CHOICE,Utilisation et traitement des données (Autres infos financières)/Pourquoi ces données utilisateur sont-elles partagées ? Plusieurs réponses possibles./Fonctionnement de l'appli
PSL_DATA_USAGE_RESPONSES:PSL_OTHER:DATA_USAGE_SHARING_PURPOSE,PSL_ANALYTICS,,MULTIPLE_CHOICE,Utilisation et traitement des données (Autres infos financières)/Pourquoi ces données utilisateur sont-elles partagées ? Plusieurs réponses possibles./Analyse
PSL_DATA_USAGE_RESPONSES:PSL_OTHER:DATA_USAGE_SHARING_PURPOSE,PSL_DEVELOPER_COMMUNICATIONS,,MULTIPLE_CHOICE,Utilisation et traitement des données (Autres infos financières)/Pourquoi ces données utilisateur sont-elles partagées ? Plusieurs réponses possibles./Communications du développeur
PSL_DATA_USAGE_RESPONSES:PSL_OTHER:DATA_USAGE_SHARING_PURPOSE,PSL_FRAUD_PREVENTION_SECURITY,,MULTIPLE_CHOICE,"Utilisation et traitement des données (Autres infos financières)/Pourquoi ces données utilisateur sont-elles partagées ? Plusieurs réponses possibles./Prévention des fraudes, sécurité et conformité"
PSL_DATA_USAGE_RESPONSES:PSL_OTHER:DATA_USAGE_SHARING_PURPOSE,PSL_ADVERTISING,,MULTIPLE_CHOICE,Utilisation et traitement des données (Autres infos financières)/Pourquoi ces données utilisateur sont-elles partagées ? Plusieurs réponses possibles./Publicité ou marketing
PSL_DATA_USAGE_RESPONSES:PSL_OTHER:DATA_USAGE_SHARING_PURPOSE,PSL_PERSONALIZATION,,MULTIPLE_CHOICE,Utilisation et traitement des données (Autres infos financières)/Pourquoi ces données utilisateur sont-elles partagées ? Plusieurs réponses possibles./Personnalisation
PSL_DATA_USAGE_RESPONSES:PSL_OTHER:DATA_USAGE_SHARING_PURPOSE,PSL_ACCOUNT_MANAGEMENT,,MULTIPLE_CHOICE,Utilisation et traitement des données (Autres infos financières)/Pourquoi ces données utilisateur sont-elles partagées ? Plusieurs réponses possibles./Gestion des comptes
PSL_DATA_USAGE_RESPONSES:PSL_APPROX_LOCATION:PSL_DATA_USAGE_COLLECTION_AND_SHARING,PSL_DATA_USAGE_ONLY_COLLECTED,,MULTIPLE_CHOICE,"Utilisation et traitement des données (Position approximative)/Ces données sont-elles collectées, partagées ou les deux ?/Collectées"
PSL_DATA_USAGE_RESPONSES:PSL_APPROX_LOCATION:PSL_DATA_USAGE_COLLECTION_AND_SHARING,PSL_DATA_USAGE_ONLY_SHARED,,MULTIPLE_CHOICE,"Utilisation et traitement des données (Position approximative)/Ces données sont-elles collectées, partagées ou les deux ?/Partagées"
PSL_DATA_USAGE_RESPONSES:PSL_APPROX_LOCATION:PSL_DATA_USAGE_EPHEMERAL,,,MAYBE_REQUIRED,Utilisation et traitement des données (Position approximative)/Ces données sont-elles traitées de manière éphémère ?
PSL_DATA_USAGE_RESPONSES:PSL_APPROX_LOCATION:DATA_USAGE_USER_CONTROL,PSL_DATA_USAGE_USER_CONTROL_OPTIONAL,,SINGLE_CHOICE,"Utilisation et traitement des données (Position approximative)/Ces données sont-elles requises pour votre appli, ou les utilisateurs peuvent-ils décider qu'elles soient collectées ou non ?/Les utilisateurs peuvent choisir si ces données sont collectées ou non"
PSL_DATA_USAGE_RESPONSES:PSL_APPROX_LOCATION:DATA_USAGE_USER_CONTROL,PSL_DATA_USAGE_USER_CONTROL_REQUIRED,,SINGLE_CHOICE,"Utilisation et traitement des données (Position approximative)/Ces données sont-elles requises pour votre appli, ou les utilisateurs peuvent-ils décider qu'elles soient collectées ou non ?/La collecte de données est requise (les utilisateurs ne peuvent pas désactiver cette collecte)"
PSL_DATA_USAGE_RESPONSES:PSL_APPROX_LOCATION:DATA_USAGE_COLLECTION_PURPOSE,PSL_APP_FUNCTIONALITY,,MULTIPLE_CHOICE,Utilisation et traitement des données (Position approximative)/Pourquoi ces données utilisateur sont-elles collectées ? Plusieurs réponses possibles./Fonctionnement de l'appli
PSL_DATA_USAGE_RESPONSES:PSL_APPROX_LOCATION:DATA_USAGE_COLLECTION_PURPOSE,PSL_ANALYTICS,,MULTIPLE_CHOICE,Utilisation et traitement des données (Position approximative)/Pourquoi ces données utilisateur sont-elles collectées ? Plusieurs réponses possibles./Analyse
PSL_DATA_USAGE_RESPONSES:PSL_APPROX_LOCATION:DATA_USAGE_COLLECTION_PURPOSE,PSL_DEVELOPER_COMMUNICATIONS,,MULTIPLE_CHOICE,Utilisation et traitement des données (Position approximative)/Pourquoi ces données utilisateur sont-elles collectées ? Plusieurs réponses possibles./Communications du développeur
PSL_DATA_USAGE_RESPONSES:PSL_APPROX_LOCATION:DATA_USAGE_COLLECTION_PURPOSE,PSL_FRAUD_PREVENTION_SECURITY,,MULTIPLE_CHOICE,"Utilisation et traitement des données (Position approximative)/Pourquoi ces données utilisateur sont-elles collectées ? Plusieurs réponses possibles./Prévention des fraudes, sécurité et conformité"
PSL_DATA_USAGE_RESPONSES:PSL_APPROX_LOCATION:DATA_USAGE_COLLECTION_PURPOSE,PSL_ADVERTISING,,MULTIPLE_CHOICE,Utilisation et traitement des données (Position approximative)/Pourquoi ces données utilisateur sont-elles collectées ? Plusieurs réponses possibles./Publicité ou marketing
PSL_DATA_USAGE_RESPONSES:PSL_APPROX_LOCATION:DATA_USAGE_COLLECTION_PURPOSE,PSL_PERSONALIZATION,,MULTIPLE_CHOICE,Utilisation et traitement des données (Position approximative)/Pourquoi ces données utilisateur sont-elles collectées ? Plusieurs réponses possibles./Personnalisation
PSL_DATA_USAGE_RESPONSES:PSL_APPROX_LOCATION:DATA_USAGE_COLLECTION_PURPOSE,PSL_ACCOUNT_MANAGEMENT,,MULTIPLE_CHOICE,Utilisation et traitement des données (Position approximative)/Pourquoi ces données utilisateur sont-elles collectées ? Plusieurs réponses possibles./Gestion des comptes
PSL_DATA_USAGE_RESPONSES:PSL_APPROX_LOCATION:DATA_USAGE_SHARING_PURPOSE,PSL_APP_FUNCTIONALITY,,MULTIPLE_CHOICE,Utilisation et traitement des données (Position approximative)/Pourquoi ces données utilisateur sont-elles partagées ? Plusieurs réponses possibles./Fonctionnement de l'appli
PSL_DATA_USAGE_RESPONSES:PSL_APPROX_LOCATION:DATA_USAGE_SHARING_PURPOSE,PSL_ANALYTICS,,MULTIPLE_CHOICE,Utilisation et traitement des données (Position approximative)/Pourquoi ces données utilisateur sont-elles partagées ? Plusieurs réponses possibles./Analyse
PSL_DATA_USAGE_RESPONSES:PSL_APPROX_LOCATION:DATA_USAGE_SHARING_PURPOSE,PSL_DEVELOPER_COMMUNICATIONS,,MULTIPLE_CHOICE,Utilisation et traitement des données (Position approximative)/Pourquoi ces données utilisateur sont-elles partagées ? Plusieurs réponses possibles./Communications du développeur
PSL_DATA_USAGE_RESPONSES:PSL_APPROX_LOCATION:DATA_USAGE_SHARING_PURPOSE,PSL_FRAUD_PREVENTION_SECURITY,,MULTIPLE_CHOICE,"Utilisation et traitement des données (Position approximative)/Pourquoi ces données utilisateur sont-elles partagées ? Plusieurs réponses possibles./Prévention des fraudes, sécurité et conformité"
PSL_DATA_USAGE_RESPONSES:PSL_APPROX_LOCATION:DATA_USAGE_SHARING_PURPOSE,PSL_ADVERTISING,,MULTIPLE_CHOICE,Utilisation et traitement des données (Position approximative)/Pourquoi ces données utilisateur sont-elles partagées ? Plusieurs réponses possibles./Publicité ou marketing
PSL_DATA_USAGE_RESPONSES:PSL_APPROX_LOCATION:DATA_USAGE_SHARING_PURPOSE,PSL_PERSONALIZATION,,MULTIPLE_CHOICE,Utilisation et traitement des données (Position approximative)/Pourquoi ces données utilisateur sont-elles partagées ? Plusieurs réponses possibles./Personnalisation
PSL_DATA_USAGE_RESPONSES:PSL_APPROX_LOCATION:DATA_USAGE_SHARING_PURPOSE,PSL_ACCOUNT_MANAGEMENT,,MULTIPLE_CHOICE,Utilisation et traitement des données (Position approximative)/Pourquoi ces données utilisateur sont-elles partagées ? Plusieurs réponses possibles./Gestion des comptes
PSL_DATA_USAGE_RESPONSES:PSL_PRECISE_LOCATION:PSL_DATA_USAGE_COLLECTION_AND_SHARING,PSL_DATA_USAGE_ONLY_COLLECTED,,MULTIPLE_CHOICE,"Utilisation et traitement des données (Position exacte)/Ces données sont-elles collectées, partagées ou les deux ?/Collectées"
PSL_DATA_USAGE_RESPONSES:PSL_PRECISE_LOCATION:PSL_DATA_USAGE_COLLECTION_AND_SHARING,PSL_DATA_USAGE_ONLY_SHARED,,MULTIPLE_CHOICE,"Utilisation et traitement des données (Position exacte)/Ces données sont-elles collectées, partagées ou les deux ?/Partagées"
PSL_DATA_USAGE_RESPONSES:PSL_PRECISE_LOCATION:PSL_DATA_USAGE_EPHEMERAL,,,MAYBE_REQUIRED,Utilisation et traitement des données (Position exacte)/Ces données sont-elles traitées de manière éphémère ?
PSL_DATA_USAGE_RESPONSES:PSL_PRECISE_LOCATION:DATA_USAGE_USER_CONTROL,PSL_DATA_USAGE_USER_CONTROL_OPTIONAL,,SINGLE_CHOICE,"Utilisation et traitement des données (Position exacte)/Ces données sont-elles requises pour votre appli, ou les utilisateurs peuvent-ils décider qu'elles soient collectées ou non ?/Les utilisateurs peuvent choisir si ces données sont collectées ou non"
PSL_DATA_USAGE_RESPONSES:PSL_PRECISE_LOCATION:DATA_USAGE_USER_CONTROL,PSL_DATA_USAGE_USER_CONTROL_REQUIRED,,SINGLE_CHOICE,"Utilisation et traitement des données (Position exacte)/Ces données sont-elles requises pour votre appli, ou les utilisateurs peuvent-ils décider qu'elles soient collectées ou non ?/La collecte de données est requise (les utilisateurs ne peuvent pas désactiver cette collecte)"
PSL_DATA_USAGE_RESPONSES:PSL_PRECISE_LOCATION:DATA_USAGE_COLLECTION_PURPOSE,PSL_APP_FUNCTIONALITY,,MULTIPLE_CHOICE,Utilisation et traitement des données (Position exacte)/Pourquoi ces données utilisateur sont-elles collectées ? Plusieurs réponses possibles./Fonctionnement de l'appli
PSL_DATA_USAGE_RESPONSES:PSL_PRECISE_LOCATION:DATA_USAGE_COLLECTION_PURPOSE,PSL_ANALYTICS,,MULTIPLE_CHOICE,Utilisation et traitement des données (Position exacte)/Pourquoi ces données utilisateur sont-elles collectées ? Plusieurs réponses possibles./Analyse
PSL_DATA_USAGE_RESPONSES:PSL_PRECISE_LOCATION:DATA_USAGE_COLLECTION_PURPOSE,PSL_DEVELOPER_COMMUNICATIONS,,MULTIPLE_CHOICE,Utilisation et traitement des données (Position exacte)/Pourquoi ces données utilisateur sont-elles collectées ? Plusieurs réponses possibles./Communications du développeur
PSL_DATA_USAGE_RESPONSES:PSL_PRECISE_LOCATION:DATA_USAGE_COLLECTION_PURPOSE,PSL_FRAUD_PREVENTION_SECURITY,,MULTIPLE_CHOICE,"Utilisation et traitement des données (Position exacte)/Pourquoi ces données utilisateur sont-elles collectées ? Plusieurs réponses possibles./Prévention des fraudes, sécurité et conformité"
PSL_DATA_USAGE_RESPONSES:PSL_PRECISE_LOCATION:DATA_USAGE_COLLECTION_PURPOSE,PSL_ADVERTISING,,MULTIPLE_CHOICE,Utilisation et traitement des données (Position exacte)/Pourquoi ces données utilisateur sont-elles collectées ? Plusieurs réponses possibles./Publicité ou marketing
PSL_DATA_USAGE_RESPONSES:PSL_PRECISE_LOCATION:DATA_USAGE_COLLECTION_PURPOSE,PSL_PERSONALIZATION,,MULTIPLE_CHOICE,Utilisation et traitement des données (Position exacte)/Pourquoi ces données utilisateur sont-elles collectées ? Plusieurs réponses possibles./Personnalisation
PSL_DATA_USAGE_RESPONSES:PSL_PRECISE_LOCATION:DATA_USAGE_COLLECTION_PURPOSE,PSL_ACCOUNT_MANAGEMENT,,MULTIPLE_CHOICE,Utilisation et traitement des données (Position exacte)/Pourquoi ces données utilisateur sont-elles collectées ? Plusieurs réponses possibles./Gestion des comptes
PSL_DATA_USAGE_RESPONSES:PSL_PRECISE_LOCATION:DATA_USAGE_SHARING_PURPOSE,PSL_APP_FUNCTIONALITY,,MULTIPLE_CHOICE,Utilisation et traitement des données (Position exacte)/Pourquoi ces données utilisateur sont-elles partagées ? Plusieurs réponses possibles./Fonctionnement de l'appli
PSL_DATA_USAGE_RESPONSES:PSL_PRECISE_LOCATION:DATA_USAGE_SHARING_PURPOSE,PSL_ANALYTICS,,MULTIPLE_CHOICE,Utilisation et traitement des données (Position exacte)/Pourquoi ces données utilisateur sont-elles partagées ? Plusieurs réponses possibles./Analyse
PSL_DATA_USAGE_RESPONSES:PSL_PRECISE_LOCATION:DATA_USAGE_SHARING_PURPOSE,PSL_DEVELOPER_COMMUNICATIONS,,MULTIPLE_CHOICE,Utilisation et traitement des données (Position exacte)/Pourquoi ces données utilisateur sont-elles partagées ? Plusieurs réponses possibles./Communications du développeur
PSL_DATA_USAGE_RESPONSES:PSL_PRECISE_LOCATION:DATA_USAGE_SHARING_PURPOSE,PSL_FRAUD_PREVENTION_SECURITY,,MULTIPLE_CHOICE,"Utilisation et traitement des données (Position exacte)/Pourquoi ces données utilisateur sont-elles partagées ? Plusieurs réponses possibles./Prévention des fraudes, sécurité et conformité"
PSL_DATA_USAGE_RESPONSES:PSL_PRECISE_LOCATION:DATA_USAGE_SHARING_PURPOSE,PSL_ADVERTISING,,MULTIPLE_CHOICE,Utilisation et traitement des données (Position exacte)/Pourquoi ces données utilisateur sont-elles partagées ? Plusieurs réponses possibles./Publicité ou marketing
PSL_DATA_USAGE_RESPONSES:PSL_PRECISE_LOCATION:DATA_USAGE_SHARING_PURPOSE,PSL_PERSONALIZATION,,MULTIPLE_CHOICE,Utilisation et traitement des données (Position exacte)/Pourquoi ces données utilisateur sont-elles partagées ? Plusieurs réponses possibles./Personnalisation
PSL_DATA_USAGE_RESPONSES:PSL_PRECISE_LOCATION:DATA_USAGE_SHARING_PURPOSE,PSL_ACCOUNT_MANAGEMENT,,MULTIPLE_CHOICE,Utilisation et traitement des données (Position exacte)/Pourquoi ces données utilisateur sont-elles partagées ? Plusieurs réponses possibles./Gestion des comptes
PSL_DATA_USAGE_RESPONSES:PSL_WEB_BROWSING_HISTORY:PSL_DATA_USAGE_COLLECTION_AND_SHARING,PSL_DATA_USAGE_ONLY_COLLECTED,,MULTIPLE_CHOICE,"Utilisation et traitement des données (Historique de navigation Web)/Ces données sont-elles collectées, partagées ou les deux ?/Collectées"
PSL_DATA_USAGE_RESPONSES:PSL_WEB_BROWSING_HISTORY:PSL_DATA_USAGE_COLLECTION_AND_SHARING,PSL_DATA_USAGE_ONLY_SHARED,,MULTIPLE_CHOICE,"Utilisation et traitement des données (Historique de navigation Web)/Ces données sont-elles collectées, partagées ou les deux ?/Partagées"
PSL_DATA_USAGE_RESPONSES:PSL_WEB_BROWSING_HISTORY:PSL_DATA_USAGE_EPHEMERAL,,,MAYBE_REQUIRED,Utilisation et traitement des données (Historique de navigation Web)/Ces données sont-elles traitées de manière éphémère ?
PSL_DATA_USAGE_RESPONSES:PSL_WEB_BROWSING_HISTORY:DATA_USAGE_USER_CONTROL,PSL_DATA_USAGE_USER_CONTROL_OPTIONAL,,SINGLE_CHOICE,"Utilisation et traitement des données (Historique de navigation Web)/Ces données sont-elles requises pour votre appli, ou les utilisateurs peuvent-ils décider qu'elles soient collectées ou non ?/Les utilisateurs peuvent choisir si ces données sont collectées ou non"
PSL_DATA_USAGE_RESPONSES:PSL_WEB_BROWSING_HISTORY:DATA_USAGE_USER_CONTROL,PSL_DATA_USAGE_USER_CONTROL_REQUIRED,,SINGLE_CHOICE,"Utilisation et traitement des données (Historique de navigation Web)/Ces données sont-elles requises pour votre appli, ou les utilisateurs peuvent-ils décider qu'elles soient collectées ou non ?/La collecte de données est requise (les utilisateurs ne peuvent pas désactiver cette collecte)"
PSL_DATA_USAGE_RESPONSES:PSL_WEB_BROWSING_HISTORY:DATA_USAGE_COLLECTION_PURPOSE,PSL_APP_FUNCTIONALITY,,MULTIPLE_CHOICE,Utilisation et traitement des données (Historique de navigation Web)/Pourquoi ces données utilisateur sont-elles collectées ? Plusieurs réponses possibles./Fonctionnement de l'appli
PSL_DATA_USAGE_RESPONSES:PSL_WEB_BROWSING_HISTORY:DATA_USAGE_COLLECTION_PURPOSE,PSL_ANALYTICS,,MULTIPLE_CHOICE,Utilisation et traitement des données (Historique de navigation Web)/Pourquoi ces données utilisateur sont-elles collectées ? Plusieurs réponses possibles./Analyse
PSL_DATA_USAGE_RESPONSES:PSL_WEB_BROWSING_HISTORY:DATA_USAGE_COLLECTION_PURPOSE,PSL_DEVELOPER_COMMUNICATIONS,,MULTIPLE_CHOICE,Utilisation et traitement des données (Historique de navigation Web)/Pourquoi ces données utilisateur sont-elles collectées ? Plusieurs réponses possibles./Communications du développeur
PSL_DATA_USAGE_RESPONSES:PSL_WEB_BROWSING_HISTORY:DATA_USAGE_COLLECTION_PURPOSE,PSL_FRAUD_PREVENTION_SECURITY,,MULTIPLE_CHOICE,"Utilisation et traitement des données (Historique de navigation Web)/Pourquoi ces données utilisateur sont-elles collectées ? Plusieurs réponses possibles./Prévention des fraudes, sécurité et conformité"
PSL_DATA_USAGE_RESPONSES:PSL_WEB_BROWSING_HISTORY:DATA_USAGE_COLLECTION_PURPOSE,PSL_ADVERTISING,,MULTIPLE_CHOICE,Utilisation et traitement des données (Historique de navigation Web)/Pourquoi ces données utilisateur sont-elles collectées ? Plusieurs réponses possibles./Publicité ou marketing
PSL_DATA_USAGE_RESPONSES:PSL_WEB_BROWSING_HISTORY:DATA_USAGE_COLLECTION_PURPOSE,PSL_PERSONALIZATION,,MULTIPLE_CHOICE,Utilisation et traitement des données (Historique de navigation Web)/Pourquoi ces données utilisateur sont-elles collectées ? Plusieurs réponses possibles./Personnalisation
PSL_DATA_USAGE_RESPONSES:PSL_WEB_BROWSING_HISTORY:DATA_USAGE_COLLECTION_PURPOSE,PSL_ACCOUNT_MANAGEMENT,,MULTIPLE_CHOICE,Utilisation et traitement des données (Historique de navigation Web)/Pourquoi ces données utilisateur sont-elles collectées ? Plusieurs réponses possibles./Gestion des comptes
PSL_DATA_USAGE_RESPONSES:PSL_WEB_BROWSING_HISTORY:DATA_USAGE_SHARING_PURPOSE,PSL_APP_FUNCTIONALITY,,MULTIPLE_CHOICE,Utilisation et traitement des données (Historique de navigation Web)/Pourquoi ces données utilisateur sont-elles partagées ? Plusieurs réponses possibles./Fonctionnement de l'appli
PSL_DATA_USAGE_RESPONSES:PSL_WEB_BROWSING_HISTORY:DATA_USAGE_SHARING_PURPOSE,PSL_ANALYTICS,,MULTIPLE_CHOICE,Utilisation et traitement des données (Historique de navigation Web)/Pourquoi ces données utilisateur sont-elles partagées ? Plusieurs réponses possibles./Analyse
PSL_DATA_USAGE_RESPONSES:PSL_WEB_BROWSING_HISTORY:DATA_USAGE_SHARING_PURPOSE,PSL_DEVELOPER_COMMUNICATIONS,,MULTIPLE_CHOICE,Utilisation et traitement des données (Historique de navigation Web)/Pourquoi ces données utilisateur sont-elles partagées ? Plusieurs réponses possibles./Communications du développeur
PSL_DATA_USAGE_RESPONSES:PSL_WEB_BROWSING_HISTORY:DATA_USAGE_SHARING_PURPOSE,PSL_FRAUD_PREVENTION_SECURITY,,MULTIPLE_CHOICE,"Utilisation et traitement des données (Historique de navigation Web)/Pourquoi ces données utilisateur sont-elles partagées ? Plusieurs réponses possibles./Prévention des fraudes, sécurité et conformité"
PSL_DATA_USAGE_RESPONSES:PSL_WEB_BROWSING_HISTORY:DATA_USAGE_SHARING_PURPOSE,PSL_ADVERTISING,,MULTIPLE_CHOICE,Utilisation et traitement des données (Historique de navigation Web)/Pourquoi ces données utilisateur sont-elles partagées ? Plusieurs réponses possibles./Publicité ou marketing
PSL_DATA_USAGE_RESPONSES:PSL_WEB_BROWSING_HISTORY:DATA_USAGE_SHARING_PURPOSE,PSL_PERSONALIZATION,,MULTIPLE_CHOICE,Utilisation et traitement des données (Historique de navigation Web)/Pourquoi ces données utilisateur sont-elles partagées ? Plusieurs réponses possibles./Personnalisation
PSL_DATA_USAGE_RESPONSES:PSL_WEB_BROWSING_HISTORY:DATA_USAGE_SHARING_PURPOSE,PSL_ACCOUNT_MANAGEMENT,,MULTIPLE_CHOICE,Utilisation et traitement des données (Historique de navigation Web)/Pourquoi ces données utilisateur sont-elles partagées ? Plusieurs réponses possibles./Gestion des comptes
PSL_DATA_USAGE_RESPONSES:PSL_EMAILS:PSL_DATA_USAGE_COLLECTION_AND_SHARING,PSL_DATA_USAGE_ONLY_COLLECTED,,MULTIPLE_CHOICE,"Utilisation et traitement des données (E-mails)/Ces données sont-elles collectées, partagées ou les deux ?/Collectées"
PSL_DATA_USAGE_RESPONSES:PSL_EMAILS:PSL_DATA_USAGE_COLLECTION_AND_SHARING,PSL_DATA_USAGE_ONLY_SHARED,,MULTIPLE_CHOICE,"Utilisation et traitement des données (E-mails)/Ces données sont-elles collectées, partagées ou les deux ?/Partagées"
PSL_DATA_USAGE_RESPONSES:PSL_EMAILS:PSL_DATA_USAGE_EPHEMERAL,,,MAYBE_REQUIRED,Utilisation et traitement des données (E-mails)/Ces données sont-elles traitées de manière éphémère ?
PSL_DATA_USAGE_RESPONSES:PSL_EMAILS:DATA_USAGE_USER_CONTROL,PSL_DATA_USAGE_USER_CONTROL_OPTIONAL,,SINGLE_CHOICE,"Utilisation et traitement des données (E-mails)/Ces données sont-elles requises pour votre appli, ou les utilisateurs peuvent-ils décider qu'elles soient collectées ou non ?/Les utilisateurs peuvent choisir si ces données sont collectées ou non"
PSL_DATA_USAGE_RESPONSES:PSL_EMAILS:DATA_USAGE_USER_CONTROL,PSL_DATA_USAGE_USER_CONTROL_REQUIRED,,SINGLE_CHOICE,"Utilisation et traitement des données (E-mails)/Ces données sont-elles requises pour votre appli, ou les utilisateurs peuvent-ils décider qu'elles soient collectées ou non ?/La collecte de données est requise (les utilisateurs ne peuvent pas désactiver cette collecte)"
PSL_DATA_USAGE_RESPONSES:PSL_EMAILS:DATA_USAGE_COLLECTION_PURPOSE,PSL_APP_FUNCTIONALITY,,MULTIPLE_CHOICE,Utilisation et traitement des données (E-mails)/Pourquoi ces données utilisateur sont-elles collectées ? Plusieurs réponses possibles./Fonctionnement de l'appli
PSL_DATA_USAGE_RESPONSES:PSL_EMAILS:DATA_USAGE_COLLECTION_PURPOSE,PSL_ANALYTICS,,MULTIPLE_CHOICE,Utilisation et traitement des données (E-mails)/Pourquoi ces données utilisateur sont-elles collectées ? Plusieurs réponses possibles./Analyse
PSL_DATA_USAGE_RESPONSES:PSL_EMAILS:DATA_USAGE_COLLECTION_PURPOSE,PSL_DEVELOPER_COMMUNICATIONS,,MULTIPLE_CHOICE,Utilisation et traitement des données (E-mails)/Pourquoi ces données utilisateur sont-elles collectées ? Plusieurs réponses possibles./Communications du développeur
PSL_DATA_USAGE_RESPONSES:PSL_EMAILS:DATA_USAGE_COLLECTION_PURPOSE,PSL_FRAUD_PREVENTION_SECURITY,,MULTIPLE_CHOICE,"Utilisation et traitement des données (E-mails)/Pourquoi ces données utilisateur sont-elles collectées ? Plusieurs réponses possibles./Prévention des fraudes, sécurité et conformité"
PSL_DATA_USAGE_RESPONSES:PSL_EMAILS:DATA_USAGE_COLLECTION_PURPOSE,PSL_ADVERTISING,,MULTIPLE_CHOICE,Utilisation et traitement des données (E-mails)/Pourquoi ces données utilisateur sont-elles collectées ? Plusieurs réponses possibles./Publicité ou marketing
PSL_DATA_USAGE_RESPONSES:PSL_EMAILS:DATA_USAGE_COLLECTION_PURPOSE,PSL_PERSONALIZATION,,MULTIPLE_CHOICE,Utilisation et traitement des données (E-mails)/Pourquoi ces données utilisateur sont-elles collectées ? Plusieurs réponses possibles./Personnalisation
PSL_DATA_USAGE_RESPONSES:PSL_EMAILS:DATA_USAGE_COLLECTION_PURPOSE,PSL_ACCOUNT_MANAGEMENT,,MULTIPLE_CHOICE,Utilisation et traitement des données (E-mails)/Pourquoi ces données utilisateur sont-elles collectées ? Plusieurs réponses possibles./Gestion des comptes
PSL_DATA_USAGE_RESPONSES:PSL_EMAILS:DATA_USAGE_SHARING_PURPOSE,PSL_APP_FUNCTIONALITY,,MULTIPLE_CHOICE,Utilisation et traitement des données (E-mails)/Pourquoi ces données utilisateur sont-elles partagées ? Plusieurs réponses possibles./Fonctionnement de l'appli
PSL_DATA_USAGE_RESPONSES:PSL_EMAILS:DATA_USAGE_SHARING_PURPOSE,PSL_ANALYTICS,,MULTIPLE_CHOICE,Utilisation et traitement des données (E-mails)/Pourquoi ces données utilisateur sont-elles partagées ? Plusieurs réponses possibles./Analyse
PSL_DATA_USAGE_RESPONSES:PSL_EMAILS:DATA_USAGE_SHARING_PURPOSE,PSL_DEVELOPER_COMMUNICATIONS,,MULTIPLE_CHOICE,Utilisation et traitement des données (E-mails)/Pourquoi ces données utilisateur sont-elles partagées ? Plusieurs réponses possibles./Communications du développeur
PSL_DATA_USAGE_RESPONSES:PSL_EMAILS:DATA_USAGE_SHARING_PURPOSE,PSL_FRAUD_PREVENTION_SECURITY,,MULTIPLE_CHOICE,"Utilisation et traitement des données (E-mails)/Pourquoi ces données utilisateur sont-elles partagées ? Plusieurs réponses possibles./Prévention des fraudes, sécurité et conformité"
PSL_DATA_USAGE_RESPONSES:PSL_EMAILS:DATA_USAGE_SHARING_PURPOSE,PSL_ADVERTISING,,MULTIPLE_CHOICE,Utilisation et traitement des données (E-mails)/Pourquoi ces données utilisateur sont-elles partagées ? Plusieurs réponses possibles./Publicité ou marketing
PSL_DATA_USAGE_RESPONSES:PSL_EMAILS:DATA_USAGE_SHARING_PURPOSE,PSL_PERSONALIZATION,,MULTIPLE_CHOICE,Utilisation et traitement des données (E-mails)/Pourquoi ces données utilisateur sont-elles partagées ? Plusieurs réponses possibles./Personnalisation
PSL_DATA_USAGE_RESPONSES:PSL_EMAILS:DATA_USAGE_SHARING_PURPOSE,PSL_ACCOUNT_MANAGEMENT,,MULTIPLE_CHOICE,Utilisation et traitement des données (E-mails)/Pourquoi ces données utilisateur sont-elles partagées ? Plusieurs réponses possibles./Gestion des comptes
PSL_DATA_USAGE_RESPONSES:PSL_SMS_CALL_LOG:PSL_DATA_USAGE_COLLECTION_AND_SHARING,PSL_DATA_USAGE_ONLY_COLLECTED,,MULTIPLE_CHOICE,"Utilisation et traitement des données (SMS ou MMS)/Ces données sont-elles collectées, partagées ou les deux ?/Collectées"
PSL_DATA_USAGE_RESPONSES:PSL_SMS_CALL_LOG:PSL_DATA_USAGE_COLLECTION_AND_SHARING,PSL_DATA_USAGE_ONLY_SHARED,,MULTIPLE_CHOICE,"Utilisation et traitement des données (SMS ou MMS)/Ces données sont-elles collectées, partagées ou les deux ?/Partagées"
PSL_DATA_USAGE_RESPONSES:PSL_SMS_CALL_LOG:PSL_DATA_USAGE_EPHEMERAL,,,MAYBE_REQUIRED,Utilisation et traitement des données (SMS ou MMS)/Ces données sont-elles traitées de manière éphémère ?
PSL_DATA_USAGE_RESPONSES:PSL_SMS_CALL_LOG:DATA_USAGE_USER_CONTROL,PSL_DATA_USAGE_USER_CONTROL_OPTIONAL,,SINGLE_CHOICE,"Utilisation et traitement des données (SMS ou MMS)/Ces données sont-elles requises pour votre appli, ou les utilisateurs peuvent-ils décider qu'elles soient collectées ou non ?/Les utilisateurs peuvent choisir si ces données sont collectées ou non"
PSL_DATA_USAGE_RESPONSES:PSL_SMS_CALL_LOG:DATA_USAGE_USER_CONTROL,PSL_DATA_USAGE_USER_CONTROL_REQUIRED,,SINGLE_CHOICE,"Utilisation et traitement des données (SMS ou MMS)/Ces données sont-elles requises pour votre appli, ou les utilisateurs peuvent-ils décider qu'elles soient collectées ou non ?/La collecte de données est requise (les utilisateurs ne peuvent pas désactiver cette collecte)"
PSL_DATA_USAGE_RESPONSES:PSL_SMS_CALL_LOG:DATA_USAGE_COLLECTION_PURPOSE,PSL_APP_FUNCTIONALITY,,MULTIPLE_CHOICE,Utilisation et traitement des données (SMS ou MMS)/Pourquoi ces données utilisateur sont-elles collectées ? Plusieurs réponses possibles./Fonctionnement de l'appli
PSL_DATA_USAGE_RESPONSES:PSL_SMS_CALL_LOG:DATA_USAGE_COLLECTION_PURPOSE,PSL_ANALYTICS,,MULTIPLE_CHOICE,Utilisation et traitement des données (SMS ou MMS)/Pourquoi ces données utilisateur sont-elles collectées ? Plusieurs réponses possibles./Analyse
PSL_DATA_USAGE_RESPONSES:PSL_SMS_CALL_LOG:DATA_USAGE_COLLECTION_PURPOSE,PSL_DEVELOPER_COMMUNICATIONS,,MULTIPLE_CHOICE,Utilisation et traitement des données (SMS ou MMS)/Pourquoi ces données utilisateur sont-elles collectées ? Plusieurs réponses possibles./Communications du développeur
PSL_DATA_USAGE_RESPONSES:PSL_SMS_CALL_LOG:DATA_USAGE_COLLECTION_PURPOSE,PSL_FRAUD_PREVENTION_SECURITY,,MULTIPLE_CHOICE,"Utilisation et traitement des données (SMS ou MMS)/Pourquoi ces données utilisateur sont-elles collectées ? Plusieurs réponses possibles./Prévention des fraudes, sécurité et conformité"
PSL_DATA_USAGE_RESPONSES:PSL_SMS_CALL_LOG:DATA_USAGE_COLLECTION_PURPOSE,PSL_ADVERTISING,,MULTIPLE_CHOICE,Utilisation et traitement des données (SMS ou MMS)/Pourquoi ces données utilisateur sont-elles collectées ? Plusieurs réponses possibles./Publicité ou marketing
PSL_DATA_USAGE_RESPONSES:PSL_SMS_CALL_LOG:DATA_USAGE_COLLECTION_PURPOSE,PSL_PERSONALIZATION,,MULTIPLE_CHOICE,Utilisation et traitement des données (SMS ou MMS)/Pourquoi ces données utilisateur sont-elles collectées ? Plusieurs réponses possibles./Personnalisation
PSL_DATA_USAGE_RESPONSES:PSL_SMS_CALL_LOG:DATA_USAGE_COLLECTION_PURPOSE,PSL_ACCOUNT_MANAGEMENT,,MULTIPLE_CHOICE,Utilisation et traitement des données (SMS ou MMS)/Pourquoi ces données utilisateur sont-elles collectées ? Plusieurs réponses possibles./Gestion des comptes
PSL_DATA_USAGE_RESPONSES:PSL_SMS_CALL_LOG:DATA_USAGE_SHARING_PURPOSE,PSL_APP_FUNCTIONALITY,,MULTIPLE_CHOICE,Utilisation et traitement des données (SMS ou MMS)/Pourquoi ces données utilisateur sont-elles partagées ? Plusieurs réponses possibles./Fonctionnement de l'appli
PSL_DATA_USAGE_RESPONSES:PSL_SMS_CALL_LOG:DATA_USAGE_SHARING_PURPOSE,PSL_ANALYTICS,,MULTIPLE_CHOICE,Utilisation et traitement des données (SMS ou MMS)/Pourquoi ces données utilisateur sont-elles partagées ? Plusieurs réponses possibles./Analyse
PSL_DATA_USAGE_RESPONSES:PSL_SMS_CALL_LOG:DATA_USAGE_SHARING_PURPOSE,PSL_DEVELOPER_COMMUNICATIONS,,MULTIPLE_CHOICE,Utilisation et traitement des données (SMS ou MMS)/Pourquoi ces données utilisateur sont-elles partagées ? Plusieurs réponses possibles./Communications du développeur
PSL_DATA_USAGE_RESPONSES:PSL_SMS_CALL_LOG:DATA_USAGE_SHARING_PURPOSE,PSL_FRAUD_PREVENTION_SECURITY,,MULTIPLE_CHOICE,"Utilisation et traitement des données (SMS ou MMS)/Pourquoi ces données utilisateur sont-elles partagées ? Plusieurs réponses possibles./Prévention des fraudes, sécurité et conformité"
PSL_DATA_USAGE_RESPONSES:PSL_SMS_CALL_LOG:DATA_USAGE_SHARING_PURPOSE,PSL_ADVERTISING,,MULTIPLE_CHOICE,Utilisation et traitement des données (SMS ou MMS)/Pourquoi ces données utilisateur sont-elles partagées ? Plusieurs réponses possibles./Publicité ou marketing
PSL_DATA_USAGE_RESPONSES:PSL_SMS_CALL_LOG:DATA_USAGE_SHARING_PURPOSE,PSL_PERSONALIZATION,,MULTIPLE_CHOICE,Utilisation et traitement des données (SMS ou MMS)/Pourquoi ces données utilisateur sont-elles partagées ? Plusieurs réponses possibles./Personnalisation
PSL_DATA_USAGE_RESPONSES:PSL_SMS_CALL_LOG:DATA_USAGE_SHARING_PURPOSE,PSL_ACCOUNT_MANAGEMENT,,MULTIPLE_CHOICE,Utilisation et traitement des données (SMS ou MMS)/Pourquoi ces données utilisateur sont-elles partagées ? Plusieurs réponses possibles./Gestion des comptes
PSL_DATA_USAGE_RESPONSES:PSL_OTHER_MESSAGES:PSL_DATA_USAGE_COLLECTION_AND_SHARING,PSL_DATA_USAGE_ONLY_COLLECTED,,MULTIPLE_CHOICE,"Utilisation et traitement des données (Autres messages via une appli)/Ces données sont-elles collectées, partagées ou les deux ?/Collectées"
PSL_DATA_USAGE_RESPONSES:PSL_OTHER_MESSAGES:PSL_DATA_USAGE_COLLECTION_AND_SHARING,PSL_DATA_USAGE_ONLY_SHARED,,MULTIPLE_CHOICE,"Utilisation et traitement des données (Autres messages via une appli)/Ces données sont-elles collectées, partagées ou les deux ?/Partagées"
PSL_DATA_USAGE_RESPONSES:PSL_OTHER_MESSAGES:PSL_DATA_USAGE_EPHEMERAL,,,MAYBE_REQUIRED,Utilisation et traitement des données (Autres messages via une appli)/Ces données sont-elles traitées de manière éphémère ?
PSL_DATA_USAGE_RESPONSES:PSL_OTHER_MESSAGES:DATA_USAGE_USER_CONTROL,PSL_DATA_USAGE_USER_CONTROL_OPTIONAL,,SINGLE_CHOICE,"Utilisation et traitement des données (Autres messages via une appli)/Ces données sont-elles requises pour votre appli, ou les utilisateurs peuvent-ils décider qu'elles soient collectées ou non ?/Les utilisateurs peuvent choisir si ces données sont collectées ou non"
PSL_DATA_USAGE_RESPONSES:PSL_OTHER_MESSAGES:DATA_USAGE_USER_CONTROL,PSL_DATA_USAGE_USER_CONTROL_REQUIRED,,SINGLE_CHOICE,"Utilisation et traitement des données (Autres messages via une appli)/Ces données sont-elles requises pour votre appli, ou les utilisateurs peuvent-ils décider qu'elles soient collectées ou non ?/La collecte de données est requise (les utilisateurs ne peuvent pas désactiver cette collecte)"
PSL_DATA_USAGE_RESPONSES:PSL_OTHER_MESSAGES:DATA_USAGE_COLLECTION_PURPOSE,PSL_APP_FUNCTIONALITY,,MULTIPLE_CHOICE,Utilisation et traitement des données (Autres messages via une appli)/Pourquoi ces données utilisateur sont-elles collectées ? Plusieurs réponses possibles./Fonctionnement de l'appli
PSL_DATA_USAGE_RESPONSES:PSL_OTHER_MESSAGES:DATA_USAGE_COLLECTION_PURPOSE,PSL_ANALYTICS,,MULTIPLE_CHOICE,Utilisation et traitement des données (Autres messages via une appli)/Pourquoi ces données utilisateur sont-elles collectées ? Plusieurs réponses possibles./Analyse
PSL_DATA_USAGE_RESPONSES:PSL_OTHER_MESSAGES:DATA_USAGE_COLLECTION_PURPOSE,PSL_DEVELOPER_COMMUNICATIONS,,MULTIPLE_CHOICE,Utilisation et traitement des données (Autres messages via une appli)/Pourquoi ces données utilisateur sont-elles collectées ? Plusieurs réponses possibles./Communications du développeur
PSL_DATA_USAGE_RESPONSES:PSL_OTHER_MESSAGES:DATA_USAGE_COLLECTION_PURPOSE,PSL_FRAUD_PREVENTION_SECURITY,,MULTIPLE_CHOICE,"Utilisation et traitement des données (Autres messages via une appli)/Pourquoi ces données utilisateur sont-elles collectées ? Plusieurs réponses possibles./Prévention des fraudes, sécurité et conformité"
PSL_DATA_USAGE_RESPONSES:PSL_OTHER_MESSAGES:DATA_USAGE_COLLECTION_PURPOSE,PSL_ADVERTISING,,MULTIPLE_CHOICE,Utilisation et traitement des données (Autres messages via une appli)/Pourquoi ces données utilisateur sont-elles collectées ? Plusieurs réponses possibles./Publicité ou marketing
PSL_DATA_USAGE_RESPONSES:PSL_OTHER_MESSAGES:DATA_USAGE_COLLECTION_PURPOSE,PSL_PERSONALIZATION,,MULTIPLE_CHOICE,Utilisation et traitement des données (Autres messages via une appli)/Pourquoi ces données utilisateur sont-elles collectées ? Plusieurs réponses possibles./Personnalisation
PSL_DATA_USAGE_RESPONSES:PSL_OTHER_MESSAGES:DATA_USAGE_COLLECTION_PURPOSE,PSL_ACCOUNT_MANAGEMENT,,MULTIPLE_CHOICE,Utilisation et traitement des données (Autres messages via une appli)/Pourquoi ces données utilisateur sont-elles collectées ? Plusieurs réponses possibles./Gestion des comptes
PSL_DATA_USAGE_RESPONSES:PSL_OTHER_MESSAGES:DATA_USAGE_SHARING_PURPOSE,PSL_APP_FUNCTIONALITY,,MULTIPLE_CHOICE,Utilisation et traitement des données (Autres messages via une appli)/Pourquoi ces données utilisateur sont-elles partagées ? Plusieurs réponses possibles./Fonctionnement de l'appli
PSL_DATA_USAGE_RESPONSES:PSL_OTHER_MESSAGES:DATA_USAGE_SHARING_PURPOSE,PSL_ANALYTICS,,MULTIPLE_CHOICE,Utilisation et traitement des données (Autres messages via une appli)/Pourquoi ces données utilisateur sont-elles partagées ? Plusieurs réponses possibles./Analyse
PSL_DATA_USAGE_RESPONSES:PSL_OTHER_MESSAGES:DATA_USAGE_SHARING_PURPOSE,PSL_DEVELOPER_COMMUNICATIONS,,MULTIPLE_CHOICE,Utilisation et traitement des données (Autres messages via une appli)/Pourquoi ces données utilisateur sont-elles partagées ? Plusieurs réponses possibles./Communications du développeur
PSL_DATA_USAGE_RESPONSES:PSL_OTHER_MESSAGES:DATA_USAGE_SHARING_PURPOSE,PSL_FRAUD_PREVENTION_SECURITY,,MULTIPLE_CHOICE,"Utilisation et traitement des données (Autres messages via une appli)/Pourquoi ces données utilisateur sont-elles partagées ? Plusieurs réponses possibles./Prévention des fraudes, sécurité et conformité"
PSL_DATA_USAGE_RESPONSES:PSL_OTHER_MESSAGES:DATA_USAGE_SHARING_PURPOSE,PSL_ADVERTISING,,MULTIPLE_CHOICE,Utilisation et traitement des données (Autres messages via une appli)/Pourquoi ces données utilisateur sont-elles partagées ? Plusieurs réponses possibles./Publicité ou marketing
PSL_DATA_USAGE_RESPONSES:PSL_OTHER_MESSAGES:DATA_USAGE_SHARING_PURPOSE,PSL_PERSONALIZATION,,MULTIPLE_CHOICE,Utilisation et traitement des données (Autres messages via une appli)/Pourquoi ces données utilisateur sont-elles partagées ? Plusieurs réponses possibles./Personnalisation
PSL_DATA_USAGE_RESPONSES:PSL_OTHER_MESSAGES:DATA_USAGE_SHARING_PURPOSE,PSL_ACCOUNT_MANAGEMENT,,MULTIPLE_CHOICE,Utilisation et traitement des données (Autres messages via une appli)/Pourquoi ces données utilisateur sont-elles partagées ? Plusieurs réponses possibles./Gestion des comptes
PSL_DATA_USAGE_RESPONSES:PSL_PHOTOS:PSL_DATA_USAGE_COLLECTION_AND_SHARING,PSL_DATA_USAGE_ONLY_COLLECTED,,MULTIPLE_CHOICE,"Utilisation et traitement des données (Photos)/Ces données sont-elles collectées, partagées ou les deux ?/Collectées"
PSL_DATA_USAGE_RESPONSES:PSL_PHOTOS:PSL_DATA_USAGE_COLLECTION_AND_SHARING,PSL_DATA_USAGE_ONLY_SHARED,,MULTIPLE_CHOICE,"Utilisation et traitement des données (Photos)/Ces données sont-elles collectées, partagées ou les deux ?/Partagées"
PSL_DATA_USAGE_RESPONSES:PSL_PHOTOS:PSL_DATA_USAGE_EPHEMERAL,,,MAYBE_REQUIRED,Utilisation et traitement des données (Photos)/Ces données sont-elles traitées de manière éphémère ?
PSL_DATA_USAGE_RESPONSES:PSL_PHOTOS:DATA_USAGE_USER_CONTROL,PSL_DATA_USAGE_USER_CONTROL_OPTIONAL,,SINGLE_CHOICE,"Utilisation et traitement des données (Photos)/Ces données sont-elles requises pour votre appli, ou les utilisateurs peuvent-ils décider qu'elles soient collectées ou non ?/Les utilisateurs peuvent choisir si ces données sont collectées ou non"
PSL_DATA_USAGE_RESPONSES:PSL_PHOTOS:DATA_USAGE_USER_CONTROL,PSL_DATA_USAGE_USER_CONTROL_REQUIRED,,SINGLE_CHOICE,"Utilisation et traitement des données (Photos)/Ces données sont-elles requises pour votre appli, ou les utilisateurs peuvent-ils décider qu'elles soient collectées ou non ?/La collecte de données est requise (les utilisateurs ne peuvent pas désactiver cette collecte)"
PSL_DATA_USAGE_RESPONSES:PSL_PHOTOS:DATA_USAGE_COLLECTION_PURPOSE,PSL_APP_FUNCTIONALITY,,MULTIPLE_CHOICE,Utilisation et traitement des données (Photos)/Pourquoi ces données utilisateur sont-elles collectées ? Plusieurs réponses possibles./Fonctionnement de l'appli
PSL_DATA_USAGE_RESPONSES:PSL_PHOTOS:DATA_USAGE_COLLECTION_PURPOSE,PSL_ANALYTICS,,MULTIPLE_CHOICE,Utilisation et traitement des données (Photos)/Pourquoi ces données utilisateur sont-elles collectées ? Plusieurs réponses possibles./Analyse
PSL_DATA_USAGE_RESPONSES:PSL_PHOTOS:DATA_USAGE_COLLECTION_PURPOSE,PSL_DEVELOPER_COMMUNICATIONS,,MULTIPLE_CHOICE,Utilisation et traitement des données (Photos)/Pourquoi ces données utilisateur sont-elles collectées ? Plusieurs réponses possibles./Communications du développeur
PSL_DATA_USAGE_RESPONSES:PSL_PHOTOS:DATA_USAGE_COLLECTION_PURPOSE,PSL_FRAUD_PREVENTION_SECURITY,,MULTIPLE_CHOICE,"Utilisation et traitement des données (Photos)/Pourquoi ces données utilisateur sont-elles collectées ? Plusieurs réponses possibles./Prévention des fraudes, sécurité et conformité"
PSL_DATA_USAGE_RESPONSES:PSL_PHOTOS:DATA_USAGE_COLLECTION_PURPOSE,PSL_ADVERTISING,,MULTIPLE_CHOICE,Utilisation et traitement des données (Photos)/Pourquoi ces données utilisateur sont-elles collectées ? Plusieurs réponses possibles./Publicité ou marketing
PSL_DATA_USAGE_RESPONSES:PSL_PHOTOS:DATA_USAGE_COLLECTION_PURPOSE,PSL_PERSONALIZATION,,MULTIPLE_CHOICE,Utilisation et traitement des données (Photos)/Pourquoi ces données utilisateur sont-elles collectées ? Plusieurs réponses possibles./Personnalisation
PSL_DATA_USAGE_RESPONSES:PSL_PHOTOS:DATA_USAGE_COLLECTION_PURPOSE,PSL_ACCOUNT_MANAGEMENT,,MULTIPLE_CHOICE,Utilisation et traitement des données (Photos)/Pourquoi ces données utilisateur sont-elles collectées ? Plusieurs réponses possibles./Gestion des comptes
PSL_DATA_USAGE_RESPONSES:PSL_PHOTOS:DATA_USAGE_SHARING_PURPOSE,PSL_APP_FUNCTIONALITY,,MULTIPLE_CHOICE,Utilisation et traitement des données (Photos)/Pourquoi ces données utilisateur sont-elles partagées ? Plusieurs réponses possibles./Fonctionnement de l'appli
PSL_DATA_USAGE_RESPONSES:PSL_PHOTOS:DATA_USAGE_SHARING_PURPOSE,PSL_ANALYTICS,,MULTIPLE_CHOICE,Utilisation et traitement des données (Photos)/Pourquoi ces données utilisateur sont-elles partagées ? Plusieurs réponses possibles./Analyse
PSL_DATA_USAGE_RESPONSES:PSL_PHOTOS:DATA_USAGE_SHARING_PURPOSE,PSL_DEVELOPER_COMMUNICATIONS,,MULTIPLE_CHOICE,Utilisation et traitement des données (Photos)/Pourquoi ces données utilisateur sont-elles partagées ? Plusieurs réponses possibles./Communications du développeur
PSL_DATA_USAGE_RESPONSES:PSL_PHOTOS:DATA_USAGE_SHARING_PURPOSE,PSL_FRAUD_PREVENTION_SECURITY,,MULTIPLE_CHOICE,"Utilisation et traitement des données (Photos)/Pourquoi ces données utilisateur sont-elles partagées ? Plusieurs réponses possibles./Prévention des fraudes, sécurité et conformité"
PSL_DATA_USAGE_RESPONSES:PSL_PHOTOS:DATA_USAGE_SHARING_PURPOSE,PSL_ADVERTISING,,MULTIPLE_CHOICE,Utilisation et traitement des données (Photos)/Pourquoi ces données utilisateur sont-elles partagées ? Plusieurs réponses possibles./Publicité ou marketing
PSL_DATA_USAGE_RESPONSES:PSL_PHOTOS:DATA_USAGE_SHARING_PURPOSE,PSL_PERSONALIZATION,,MULTIPLE_CHOICE,Utilisation et traitement des données (Photos)/Pourquoi ces données utilisateur sont-elles partagées ? Plusieurs réponses possibles./Personnalisation
PSL_DATA_USAGE_RESPONSES:PSL_PHOTOS:DATA_USAGE_SHARING_PURPOSE,PSL_ACCOUNT_MANAGEMENT,,MULTIPLE_CHOICE,Utilisation et traitement des données (Photos)/Pourquoi ces données utilisateur sont-elles partagées ? Plusieurs réponses possibles./Gestion des comptes
PSL_DATA_USAGE_RESPONSES:PSL_VIDEOS:PSL_DATA_USAGE_COLLECTION_AND_SHARING,PSL_DATA_USAGE_ONLY_COLLECTED,,MULTIPLE_CHOICE,"Utilisation et traitement des données (Vidéos)/Ces données sont-elles collectées, partagées ou les deux ?/Collectées"
PSL_DATA_USAGE_RESPONSES:PSL_VIDEOS:PSL_DATA_USAGE_COLLECTION_AND_SHARING,PSL_DATA_USAGE_ONLY_SHARED,,MULTIPLE_CHOICE,"Utilisation et traitement des données (Vidéos)/Ces données sont-elles collectées, partagées ou les deux ?/Partagées"
PSL_DATA_USAGE_RESPONSES:PSL_VIDEOS:PSL_DATA_USAGE_EPHEMERAL,,,MAYBE_REQUIRED,Utilisation et traitement des données (Vidéos)/Ces données sont-elles traitées de manière éphémère ?
PSL_DATA_USAGE_RESPONSES:PSL_VIDEOS:DATA_USAGE_USER_CONTROL,PSL_DATA_USAGE_USER_CONTROL_OPTIONAL,,SINGLE_CHOICE,"Utilisation et traitement des données (Vidéos)/Ces données sont-elles requises pour votre appli, ou les utilisateurs peuvent-ils décider qu'elles soient collectées ou non ?/Les utilisateurs peuvent choisir si ces données sont collectées ou non"
PSL_DATA_USAGE_RESPONSES:PSL_VIDEOS:DATA_USAGE_USER_CONTROL,PSL_DATA_USAGE_USER_CONTROL_REQUIRED,,SINGLE_CHOICE,"Utilisation et traitement des données (Vidéos)/Ces données sont-elles requises pour votre appli, ou les utilisateurs peuvent-ils décider qu'elles soient collectées ou non ?/La collecte de données est requise (les utilisateurs ne peuvent pas désactiver cette collecte)"
PSL_DATA_USAGE_RESPONSES:PSL_VIDEOS:DATA_USAGE_COLLECTION_PURPOSE,PSL_APP_FUNCTIONALITY,,MULTIPLE_CHOICE,Utilisation et traitement des données (Vidéos)/Pourquoi ces données utilisateur sont-elles collectées ? Plusieurs réponses possibles./Fonctionnement de l'appli
PSL_DATA_USAGE_RESPONSES:PSL_VIDEOS:DATA_USAGE_COLLECTION_PURPOSE,PSL_ANALYTICS,,MULTIPLE_CHOICE,Utilisation et traitement des données (Vidéos)/Pourquoi ces données utilisateur sont-elles collectées ? Plusieurs réponses possibles./Analyse
PSL_DATA_USAGE_RESPONSES:PSL_VIDEOS:DATA_USAGE_COLLECTION_PURPOSE,PSL_DEVELOPER_COMMUNICATIONS,,MULTIPLE_CHOICE,Utilisation et traitement des données (Vidéos)/Pourquoi ces données utilisateur sont-elles collectées ? Plusieurs réponses possibles./Communications du développeur
PSL_DATA_USAGE_RESPONSES:PSL_VIDEOS:DATA_USAGE_COLLECTION_PURPOSE,PSL_FRAUD_PREVENTION_SECURITY,,MULTIPLE_CHOICE,"Utilisation et traitement des données (Vidéos)/Pourquoi ces données utilisateur sont-elles collectées ? Plusieurs réponses possibles./Prévention des fraudes, sécurité et conformité"
PSL_DATA_USAGE_RESPONSES:PSL_VIDEOS:DATA_USAGE_COLLECTION_PURPOSE,PSL_ADVERTISING,,MULTIPLE_CHOICE,Utilisation et traitement des données (Vidéos)/Pourquoi ces données utilisateur sont-elles collectées ? Plusieurs réponses possibles./Publicité ou marketing
PSL_DATA_USAGE_RESPONSES:PSL_VIDEOS:DATA_USAGE_COLLECTION_PURPOSE,PSL_PERSONALIZATION,,MULTIPLE_CHOICE,Utilisation et traitement des données (Vidéos)/Pourquoi ces données utilisateur sont-elles collectées ? Plusieurs réponses possibles./Personnalisation
PSL_DATA_USAGE_RESPONSES:PSL_VIDEOS:DATA_USAGE_COLLECTION_PURPOSE,PSL_ACCOUNT_MANAGEMENT,,MULTIPLE_CHOICE,Utilisation et traitement des données (Vidéos)/Pourquoi ces données utilisateur sont-elles collectées ? Plusieurs réponses possibles./Gestion des comptes
PSL_DATA_USAGE_RESPONSES:PSL_VIDEOS:DATA_USAGE_SHARING_PURPOSE,PSL_APP_FUNCTIONALITY,,MULTIPLE_CHOICE,Utilisation et traitement des données (Vidéos)/Pourquoi ces données utilisateur sont-elles partagées ? Plusieurs réponses possibles./Fonctionnement de l'appli
PSL_DATA_USAGE_RESPONSES:PSL_VIDEOS:DATA_USAGE_SHARING_PURPOSE,PSL_ANALYTICS,,MULTIPLE_CHOICE,Utilisation et traitement des données (Vidéos)/Pourquoi ces données utilisateur sont-elles partagées ? Plusieurs réponses possibles./Analyse
PSL_DATA_USAGE_RESPONSES:PSL_VIDEOS:DATA_USAGE_SHARING_PURPOSE,PSL_DEVELOPER_COMMUNICATIONS,,MULTIPLE_CHOICE,Utilisation et traitement des données (Vidéos)/Pourquoi ces données utilisateur sont-elles partagées ? Plusieurs réponses possibles./Communications du développeur
PSL_DATA_USAGE_RESPONSES:PSL_VIDEOS:DATA_USAGE_SHARING_PURPOSE,PSL_FRAUD_PREVENTION_SECURITY,,MULTIPLE_CHOICE,"Utilisation et traitement des données (Vidéos)/Pourquoi ces données utilisateur sont-elles partagées ? Plusieurs réponses possibles./Prévention des fraudes, sécurité et conformité"
PSL_DATA_USAGE_RESPONSES:PSL_VIDEOS:DATA_USAGE_SHARING_PURPOSE,PSL_ADVERTISING,,MULTIPLE_CHOICE,Utilisation et traitement des données (Vidéos)/Pourquoi ces données utilisateur sont-elles partagées ? Plusieurs réponses possibles./Publicité ou marketing
PSL_DATA_USAGE_RESPONSES:PSL_VIDEOS:DATA_USAGE_SHARING_PURPOSE,PSL_PERSONALIZATION,,MULTIPLE_CHOICE,Utilisation et traitement des données (Vidéos)/Pourquoi ces données utilisateur sont-elles partagées ? Plusieurs réponses possibles./Personnalisation
PSL_DATA_USAGE_RESPONSES:PSL_VIDEOS:DATA_USAGE_SHARING_PURPOSE,PSL_ACCOUNT_MANAGEMENT,,MULTIPLE_CHOICE,Utilisation et traitement des données (Vidéos)/Pourquoi ces données utilisateur sont-elles partagées ? Plusieurs réponses possibles./Gestion des comptes
PSL_DATA_USAGE_RESPONSES:PSL_AUDIO:PSL_DATA_USAGE_COLLECTION_AND_SHARING,PSL_DATA_USAGE_ONLY_COLLECTED,,MULTIPLE_CHOICE,"Utilisation et traitement des données (Enregistrements audio ou vidéo)/Ces données sont-elles collectées, partagées ou les deux ?/Collectées"
PSL_DATA_USAGE_RESPONSES:PSL_AUDIO:PSL_DATA_USAGE_COLLECTION_AND_SHARING,PSL_DATA_USAGE_ONLY_SHARED,,MULTIPLE_CHOICE,"Utilisation et traitement des données (Enregistrements audio ou vidéo)/Ces données sont-elles collectées, partagées ou les deux ?/Partagées"
PSL_DATA_USAGE_RESPONSES:PSL_AUDIO:PSL_DATA_USAGE_EPHEMERAL,,,MAYBE_REQUIRED,Utilisation et traitement des données (Enregistrements audio ou vidéo)/Ces données sont-elles traitées de manière éphémère ?
PSL_DATA_USAGE_RESPONSES:PSL_AUDIO:DATA_USAGE_USER_CONTROL,PSL_DATA_USAGE_USER_CONTROL_OPTIONAL,,SINGLE_CHOICE,"Utilisation et traitement des données (Enregistrements audio ou vidéo)/Ces données sont-elles requises pour votre appli, ou les utilisateurs peuvent-ils décider qu'elles soient collectées ou non ?/Les utilisateurs peuvent choisir si ces données sont collectées ou non"
PSL_DATA_USAGE_RESPONSES:PSL_AUDIO:DATA_USAGE_USER_CONTROL,PSL_DATA_USAGE_USER_CONTROL_REQUIRED,,SINGLE_CHOICE,"Utilisation et traitement des données (Enregistrements audio ou vidéo)/Ces données sont-elles requises pour votre appli, ou les utilisateurs peuvent-ils décider qu'elles soient collectées ou non ?/La collecte de données est requise (les utilisateurs ne peuvent pas désactiver cette collecte)"
PSL_DATA_USAGE_RESPONSES:PSL_AUDIO:DATA_USAGE_COLLECTION_PURPOSE,PSL_APP_FUNCTIONALITY,,MULTIPLE_CHOICE,Utilisation et traitement des données (Enregistrements audio ou vidéo)/Pourquoi ces données utilisateur sont-elles collectées ? Plusieurs réponses possibles./Fonctionnement de l'appli
PSL_DATA_USAGE_RESPONSES:PSL_AUDIO:DATA_USAGE_COLLECTION_PURPOSE,PSL_ANALYTICS,,MULTIPLE_CHOICE,Utilisation et traitement des données (Enregistrements audio ou vidéo)/Pourquoi ces données utilisateur sont-elles collectées ? Plusieurs réponses possibles./Analyse
PSL_DATA_USAGE_RESPONSES:PSL_AUDIO:DATA_USAGE_COLLECTION_PURPOSE,PSL_DEVELOPER_COMMUNICATIONS,,MULTIPLE_CHOICE,Utilisation et traitement des données (Enregistrements audio ou vidéo)/Pourquoi ces données utilisateur sont-elles collectées ? Plusieurs réponses possibles./Communications du développeur
PSL_DATA_USAGE_RESPONSES:PSL_AUDIO:DATA_USAGE_COLLECTION_PURPOSE,PSL_FRAUD_PREVENTION_SECURITY,,MULTIPLE_CHOICE,"Utilisation et traitement des données (Enregistrements audio ou vidéo)/Pourquoi ces données utilisateur sont-elles collectées ? Plusieurs réponses possibles./Prévention des fraudes, sécurité et conformité"
PSL_DATA_USAGE_RESPONSES:PSL_AUDIO:DATA_USAGE_COLLECTION_PURPOSE,PSL_ADVERTISING,,MULTIPLE_CHOICE,Utilisation et traitement des données (Enregistrements audio ou vidéo)/Pourquoi ces données utilisateur sont-elles collectées ? Plusieurs réponses possibles./Publicité ou marketing
PSL_DATA_USAGE_RESPONSES:PSL_AUDIO:DATA_USAGE_COLLECTION_PURPOSE,PSL_PERSONALIZATION,,MULTIPLE_CHOICE,Utilisation et traitement des données (Enregistrements audio ou vidéo)/Pourquoi ces données utilisateur sont-elles collectées ? Plusieurs réponses possibles./Personnalisation
PSL_DATA_USAGE_RESPONSES:PSL_AUDIO:DATA_USAGE_COLLECTION_PURPOSE,PSL_ACCOUNT_MANAGEMENT,,MULTIPLE_CHOICE,Utilisation et traitement des données (Enregistrements audio ou vidéo)/Pourquoi ces données utilisateur sont-elles collectées ? Plusieurs réponses possibles./Gestion des comptes
PSL_DATA_USAGE_RESPONSES:PSL_AUDIO:DATA_USAGE_SHARING_PURPOSE,PSL_APP_FUNCTIONALITY,,MULTIPLE_CHOICE,Utilisation et traitement des données (Enregistrements audio ou vidéo)/Pourquoi ces données utilisateur sont-elles partagées ? Plusieurs réponses possibles./Fonctionnement de l'appli
PSL_DATA_USAGE_RESPONSES:PSL_AUDIO:DATA_USAGE_SHARING_PURPOSE,PSL_ANALYTICS,,MULTIPLE_CHOICE,Utilisation et traitement des données (Enregistrements audio ou vidéo)/Pourquoi ces données utilisateur sont-elles partagées ? Plusieurs réponses possibles./Analyse
PSL_DATA_USAGE_RESPONSES:PSL_AUDIO:DATA_USAGE_SHARING_PURPOSE,PSL_DEVELOPER_COMMUNICATIONS,,MULTIPLE_CHOICE,Utilisation et traitement des données (Enregistrements audio ou vidéo)/Pourquoi ces données utilisateur sont-elles partagées ? Plusieurs réponses possibles./Communications du développeur
PSL_DATA_USAGE_RESPONSES:PSL_AUDIO:DATA_USAGE_SHARING_PURPOSE,PSL_FRAUD_PREVENTION_SECURITY,,MULTIPLE_CHOICE,"Utilisation et traitement des données (Enregistrements audio ou vidéo)/Pourquoi ces données utilisateur sont-elles partagées ? Plusieurs réponses possibles./Prévention des fraudes, sécurité et conformité"
PSL_DATA_USAGE_RESPONSES:PSL_AUDIO:DATA_USAGE_SHARING_PURPOSE,PSL_ADVERTISING,,MULTIPLE_CHOICE,Utilisation et traitement des données (Enregistrements audio ou vidéo)/Pourquoi ces données utilisateur sont-elles partagées ? Plusieurs réponses possibles./Publicité ou marketing
PSL_DATA_USAGE_RESPONSES:PSL_AUDIO:DATA_USAGE_SHARING_PURPOSE,PSL_PERSONALIZATION,,MULTIPLE_CHOICE,Utilisation et traitement des données (Enregistrements audio ou vidéo)/Pourquoi ces données utilisateur sont-elles partagées ? Plusieurs réponses possibles./Personnalisation
PSL_DATA_USAGE_RESPONSES:PSL_AUDIO:DATA_USAGE_SHARING_PURPOSE,PSL_ACCOUNT_MANAGEMENT,,MULTIPLE_CHOICE,Utilisation et traitement des données (Enregistrements audio ou vidéo)/Pourquoi ces données utilisateur sont-elles partagées ? Plusieurs réponses possibles./Gestion des comptes
PSL_DATA_USAGE_RESPONSES:PSL_MUSIC:PSL_DATA_USAGE_COLLECTION_AND_SHARING,PSL_DATA_USAGE_ONLY_COLLECTED,,MULTIPLE_CHOICE,"Utilisation et traitement des données (Fichiers de musique)/Ces données sont-elles collectées, partagées ou les deux ?/Collectées"
PSL_DATA_USAGE_RESPONSES:PSL_MUSIC:PSL_DATA_USAGE_COLLECTION_AND_SHARING,PSL_DATA_USAGE_ONLY_SHARED,,MULTIPLE_CHOICE,"Utilisation et traitement des données (Fichiers de musique)/Ces données sont-elles collectées, partagées ou les deux ?/Partagées"
PSL_DATA_USAGE_RESPONSES:PSL_MUSIC:PSL_DATA_USAGE_EPHEMERAL,,,MAYBE_REQUIRED,Utilisation et traitement des données (Fichiers de musique)/Ces données sont-elles traitées de manière éphémère ?
PSL_DATA_USAGE_RESPONSES:PSL_MUSIC:DATA_USAGE_USER_CONTROL,PSL_DATA_USAGE_USER_CONTROL_OPTIONAL,,SINGLE_CHOICE,"Utilisation et traitement des données (Fichiers de musique)/Ces données sont-elles requises pour votre appli, ou les utilisateurs peuvent-ils décider qu'elles soient collectées ou non ?/Les utilisateurs peuvent choisir si ces données sont collectées ou non"
PSL_DATA_USAGE_RESPONSES:PSL_MUSIC:DATA_USAGE_USER_CONTROL,PSL_DATA_USAGE_USER_CONTROL_REQUIRED,,SINGLE_CHOICE,"Utilisation et traitement des données (Fichiers de musique)/Ces données sont-elles requises pour votre appli, ou les utilisateurs peuvent-ils décider qu'elles soient collectées ou non ?/La collecte de données est requise (les utilisateurs ne peuvent pas désactiver cette collecte)"
PSL_DATA_USAGE_RESPONSES:PSL_MUSIC:DATA_USAGE_COLLECTION_PURPOSE,PSL_APP_FUNCTIONALITY,,MULTIPLE_CHOICE,Utilisation et traitement des données (Fichiers de musique)/Pourquoi ces données utilisateur sont-elles collectées ? Plusieurs réponses possibles./Fonctionnement de l'appli
PSL_DATA_USAGE_RESPONSES:PSL_MUSIC:DATA_USAGE_COLLECTION_PURPOSE,PSL_ANALYTICS,,MULTIPLE_CHOICE,Utilisation et traitement des données (Fichiers de musique)/Pourquoi ces données utilisateur sont-elles collectées ? Plusieurs réponses possibles./Analyse
PSL_DATA_USAGE_RESPONSES:PSL_MUSIC:DATA_USAGE_COLLECTION_PURPOSE,PSL_DEVELOPER_COMMUNICATIONS,,MULTIPLE_CHOICE,Utilisation et traitement des données (Fichiers de musique)/Pourquoi ces données utilisateur sont-elles collectées ? Plusieurs réponses possibles./Communications du développeur
PSL_DATA_USAGE_RESPONSES:PSL_MUSIC:DATA_USAGE_COLLECTION_PURPOSE,PSL_FRAUD_PREVENTION_SECURITY,,MULTIPLE_CHOICE,"Utilisation et traitement des données (Fichiers de musique)/Pourquoi ces données utilisateur sont-elles collectées ? Plusieurs réponses possibles./Prévention des fraudes, sécurité et conformité"
PSL_DATA_USAGE_RESPONSES:PSL_MUSIC:DATA_USAGE_COLLECTION_PURPOSE,PSL_ADVERTISING,,MULTIPLE_CHOICE,Utilisation et traitement des données (Fichiers de musique)/Pourquoi ces données utilisateur sont-elles collectées ? Plusieurs réponses possibles./Publicité ou marketing
PSL_DATA_USAGE_RESPONSES:PSL_MUSIC:DATA_USAGE_COLLECTION_PURPOSE,PSL_PERSONALIZATION,,MULTIPLE_CHOICE,Utilisation et traitement des données (Fichiers de musique)/Pourquoi ces données utilisateur sont-elles collectées ? Plusieurs réponses possibles./Personnalisation
PSL_DATA_USAGE_RESPONSES:PSL_MUSIC:DATA_USAGE_COLLECTION_PURPOSE,PSL_ACCOUNT_MANAGEMENT,,MULTIPLE_CHOICE,Utilisation et traitement des données (Fichiers de musique)/Pourquoi ces données utilisateur sont-elles collectées ? Plusieurs réponses possibles./Gestion des comptes
PSL_DATA_USAGE_RESPONSES:PSL_MUSIC:DATA_USAGE_SHARING_PURPOSE,PSL_APP_FUNCTIONALITY,,MULTIPLE_CHOICE,Utilisation et traitement des données (Fichiers de musique)/Pourquoi ces données utilisateur sont-elles partagées ? Plusieurs réponses possibles./Fonctionnement de l'appli
PSL_DATA_USAGE_RESPONSES:PSL_MUSIC:DATA_USAGE_SHARING_PURPOSE,PSL_ANALYTICS,,MULTIPLE_CHOICE,Utilisation et traitement des données (Fichiers de musique)/Pourquoi ces données utilisateur sont-elles partagées ? Plusieurs réponses possibles./Analyse
PSL_DATA_USAGE_RESPONSES:PSL_MUSIC:DATA_USAGE_SHARING_PURPOSE,PSL_DEVELOPER_COMMUNICATIONS,,MULTIPLE_CHOICE,Utilisation et traitement des données (Fichiers de musique)/Pourquoi ces données utilisateur sont-elles partagées ? Plusieurs réponses possibles./Communications du développeur
PSL_DATA_USAGE_RESPONSES:PSL_MUSIC:DATA_USAGE_SHARING_PURPOSE,PSL_FRAUD_PREVENTION_SECURITY,,MULTIPLE_CHOICE,"Utilisation et traitement des données (Fichiers de musique)/Pourquoi ces données utilisateur sont-elles partagées ? Plusieurs réponses possibles./Prévention des fraudes, sécurité et conformité"
PSL_DATA_USAGE_RESPONSES:PSL_MUSIC:DATA_USAGE_SHARING_PURPOSE,PSL_ADVERTISING,,MULTIPLE_CHOICE,Utilisation et traitement des données (Fichiers de musique)/Pourquoi ces données utilisateur sont-elles partagées ? Plusieurs réponses possibles./Publicité ou marketing
PSL_DATA_USAGE_RESPONSES:PSL_MUSIC:DATA_USAGE_SHARING_PURPOSE,PSL_PERSONALIZATION,,MULTIPLE_CHOICE,Utilisation et traitement des données (Fichiers de musique)/Pourquoi ces données utilisateur sont-elles partagées ? Plusieurs réponses possibles./Personnalisation
PSL_DATA_USAGE_RESPONSES:PSL_MUSIC:DATA_USAGE_SHARING_PURPOSE,PSL_ACCOUNT_MANAGEMENT,,MULTIPLE_CHOICE,Utilisation et traitement des données (Fichiers de musique)/Pourquoi ces données utilisateur sont-elles partagées ? Plusieurs réponses possibles./Gestion des comptes
PSL_DATA_USAGE_RESPONSES:PSL_OTHER_AUDIO:PSL_DATA_USAGE_COLLECTION_AND_SHARING,PSL_DATA_USAGE_ONLY_COLLECTED,,MULTIPLE_CHOICE,"Utilisation et traitement des données (Autres fichiers audio)/Ces données sont-elles collectées, partagées ou les deux ?/Collectées"
PSL_DATA_USAGE_RESPONSES:PSL_OTHER_AUDIO:PSL_DATA_USAGE_COLLECTION_AND_SHARING,PSL_DATA_USAGE_ONLY_SHARED,,MULTIPLE_CHOICE,"Utilisation et traitement des données (Autres fichiers audio)/Ces données sont-elles collectées, partagées ou les deux ?/Partagées"
PSL_DATA_USAGE_RESPONSES:PSL_OTHER_AUDIO:PSL_DATA_USAGE_EPHEMERAL,,,MAYBE_REQUIRED,Utilisation et traitement des données (Autres fichiers audio)/Ces données sont-elles traitées de manière éphémère ?
PSL_DATA_USAGE_RESPONSES:PSL_OTHER_AUDIO:DATA_USAGE_USER_CONTROL,PSL_DATA_USAGE_USER_CONTROL_OPTIONAL,,SINGLE_CHOICE,"Utilisation et traitement des données (Autres fichiers audio)/Ces données sont-elles requises pour votre appli, ou les utilisateurs peuvent-ils décider qu'elles soient collectées ou non ?/Les utilisateurs peuvent choisir si ces données sont collectées ou non"
PSL_DATA_USAGE_RESPONSES:PSL_OTHER_AUDIO:DATA_USAGE_USER_CONTROL,PSL_DATA_USAGE_USER_CONTROL_REQUIRED,,SINGLE_CHOICE,"Utilisation et traitement des données (Autres fichiers audio)/Ces données sont-elles requises pour votre appli, ou les utilisateurs peuvent-ils décider qu'elles soient collectées ou non ?/La collecte de données est requise (les utilisateurs ne peuvent pas désactiver cette collecte)"
PSL_DATA_USAGE_RESPONSES:PSL_OTHER_AUDIO:DATA_USAGE_COLLECTION_PURPOSE,PSL_APP_FUNCTIONALITY,,MULTIPLE_CHOICE,Utilisation et traitement des données (Autres fichiers audio)/Pourquoi ces données utilisateur sont-elles collectées ? Plusieurs réponses possibles./Fonctionnement de l'appli
PSL_DATA_USAGE_RESPONSES:PSL_OTHER_AUDIO:DATA_USAGE_COLLECTION_PURPOSE,PSL_ANALYTICS,,MULTIPLE_CHOICE,Utilisation et traitement des données (Autres fichiers audio)/Pourquoi ces données utilisateur sont-elles collectées ? Plusieurs réponses possibles./Analyse
PSL_DATA_USAGE_RESPONSES:PSL_OTHER_AUDIO:DATA_USAGE_COLLECTION_PURPOSE,PSL_DEVELOPER_COMMUNICATIONS,,MULTIPLE_CHOICE,Utilisation et traitement des données (Autres fichiers audio)/Pourquoi ces données utilisateur sont-elles collectées ? Plusieurs réponses possibles./Communications du développeur
PSL_DATA_USAGE_RESPONSES:PSL_OTHER_AUDIO:DATA_USAGE_COLLECTION_PURPOSE,PSL_FRAUD_PREVENTION_SECURITY,,MULTIPLE_CHOICE,"Utilisation et traitement des données (Autres fichiers audio)/Pourquoi ces données utilisateur sont-elles collectées ? Plusieurs réponses possibles./Prévention des fraudes, sécurité et conformité"
PSL_DATA_USAGE_RESPONSES:PSL_OTHER_AUDIO:DATA_USAGE_COLLECTION_PURPOSE,PSL_ADVERTISING,,MULTIPLE_CHOICE,Utilisation et traitement des données (Autres fichiers audio)/Pourquoi ces données utilisateur sont-elles collectées ? Plusieurs réponses possibles./Publicité ou marketing
PSL_DATA_USAGE_RESPONSES:PSL_OTHER_AUDIO:DATA_USAGE_COLLECTION_PURPOSE,PSL_PERSONALIZATION,,MULTIPLE_CHOICE,Utilisation et traitement des données (Autres fichiers audio)/Pourquoi ces données utilisateur sont-elles collectées ? Plusieurs réponses possibles./Personnalisation
PSL_DATA_USAGE_RESPONSES:PSL_OTHER_AUDIO:DATA_USAGE_COLLECTION_PURPOSE,PSL_ACCOUNT_MANAGEMENT,,MULTIPLE_CHOICE,Utilisation et traitement des données (Autres fichiers audio)/Pourquoi ces données utilisateur sont-elles collectées ? Plusieurs réponses possibles./Gestion des comptes
PSL_DATA_USAGE_RESPONSES:PSL_OTHER_AUDIO:DATA_USAGE_SHARING_PURPOSE,PSL_APP_FUNCTIONALITY,,MULTIPLE_CHOICE,Utilisation et traitement des données (Autres fichiers audio)/Pourquoi ces données utilisateur sont-elles partagées ? Plusieurs réponses possibles./Fonctionnement de l'appli
PSL_DATA_USAGE_RESPONSES:PSL_OTHER_AUDIO:DATA_USAGE_SHARING_PURPOSE,PSL_ANALYTICS,,MULTIPLE_CHOICE,Utilisation et traitement des données (Autres fichiers audio)/Pourquoi ces données utilisateur sont-elles partagées ? Plusieurs réponses possibles./Analyse
PSL_DATA_USAGE_RESPONSES:PSL_OTHER_AUDIO:DATA_USAGE_SHARING_PURPOSE,PSL_DEVELOPER_COMMUNICATIONS,,MULTIPLE_CHOICE,Utilisation et traitement des données (Autres fichiers audio)/Pourquoi ces données utilisateur sont-elles partagées ? Plusieurs réponses possibles./Communications du développeur
PSL_DATA_USAGE_RESPONSES:PSL_OTHER_AUDIO:DATA_USAGE_SHARING_PURPOSE,PSL_FRAUD_PREVENTION_SECURITY,,MULTIPLE_CHOICE,"Utilisation et traitement des données (Autres fichiers audio)/Pourquoi ces données utilisateur sont-elles partagées ? Plusieurs réponses possibles./Prévention des fraudes, sécurité et conformité"
PSL_DATA_USAGE_RESPONSES:PSL_OTHER_AUDIO:DATA_USAGE_SHARING_PURPOSE,PSL_ADVERTISING,,MULTIPLE_CHOICE,Utilisation et traitement des données (Autres fichiers audio)/Pourquoi ces données utilisateur sont-elles partagées ? Plusieurs réponses possibles./Publicité ou marketing
PSL_DATA_USAGE_RESPONSES:PSL_OTHER_AUDIO:DATA_USAGE_SHARING_PURPOSE,PSL_PERSONALIZATION,,MULTIPLE_CHOICE,Utilisation et traitement des données (Autres fichiers audio)/Pourquoi ces données utilisateur sont-elles partagées ? Plusieurs réponses possibles./Personnalisation
PSL_DATA_USAGE_RESPONSES:PSL_OTHER_AUDIO:DATA_USAGE_SHARING_PURPOSE,PSL_ACCOUNT_MANAGEMENT,,MULTIPLE_CHOICE,Utilisation et traitement des données (Autres fichiers audio)/Pourquoi ces données utilisateur sont-elles partagées ? Plusieurs réponses possibles./Gestion des comptes
PSL_DATA_USAGE_RESPONSES:PSL_HEALTH:PSL_DATA_USAGE_COLLECTION_AND_SHARING,PSL_DATA_USAGE_ONLY_COLLECTED,,MULTIPLE_CHOICE,"Utilisation et traitement des données (Infos sur la santé)/Ces données sont-elles collectées, partagées ou les deux ?/Collectées"
PSL_DATA_USAGE_RESPONSES:PSL_HEALTH:PSL_DATA_USAGE_COLLECTION_AND_SHARING,PSL_DATA_USAGE_ONLY_SHARED,,MULTIPLE_CHOICE,"Utilisation et traitement des données (Infos sur la santé)/Ces données sont-elles collectées, partagées ou les deux ?/Partagées"
PSL_DATA_USAGE_RESPONSES:PSL_HEALTH:PSL_DATA_USAGE_EPHEMERAL,,,MAYBE_REQUIRED,Utilisation et traitement des données (Infos sur la santé)/Ces données sont-elles traitées de manière éphémère ?
PSL_DATA_USAGE_RESPONSES:PSL_HEALTH:DATA_USAGE_USER_CONTROL,PSL_DATA_USAGE_USER_CONTROL_OPTIONAL,,SINGLE_CHOICE,"Utilisation et traitement des données (Infos sur la santé)/Ces données sont-elles requises pour votre appli, ou les utilisateurs peuvent-ils décider qu'elles soient collectées ou non ?/Les utilisateurs peuvent choisir si ces données sont collectées ou non"
PSL_DATA_USAGE_RESPONSES:PSL_HEALTH:DATA_USAGE_USER_CONTROL,PSL_DATA_USAGE_USER_CONTROL_REQUIRED,,SINGLE_CHOICE,"Utilisation et traitement des données (Infos sur la santé)/Ces données sont-elles requises pour votre appli, ou les utilisateurs peuvent-ils décider qu'elles soient collectées ou non ?/La collecte de données est requise (les utilisateurs ne peuvent pas désactiver cette collecte)"
PSL_DATA_USAGE_RESPONSES:PSL_HEALTH:DATA_USAGE_COLLECTION_PURPOSE,PSL_APP_FUNCTIONALITY,,MULTIPLE_CHOICE,Utilisation et traitement des données (Infos sur la santé)/Pourquoi ces données utilisateur sont-elles collectées ? Plusieurs réponses possibles./Fonctionnement de l'appli
PSL_DATA_USAGE_RESPONSES:PSL_HEALTH:DATA_USAGE_COLLECTION_PURPOSE,PSL_ANALYTICS,,MULTIPLE_CHOICE,Utilisation et traitement des données (Infos sur la santé)/Pourquoi ces données utilisateur sont-elles collectées ? Plusieurs réponses possibles./Analyse
PSL_DATA_USAGE_RESPONSES:PSL_HEALTH:DATA_USAGE_COLLECTION_PURPOSE,PSL_DEVELOPER_COMMUNICATIONS,,MULTIPLE_CHOICE,Utilisation et traitement des données (Infos sur la santé)/Pourquoi ces données utilisateur sont-elles collectées ? Plusieurs réponses possibles./Communications du développeur
PSL_DATA_USAGE_RESPONSES:PSL_HEALTH:DATA_USAGE_COLLECTION_PURPOSE,PSL_FRAUD_PREVENTION_SECURITY,,MULTIPLE_CHOICE,"Utilisation et traitement des données (Infos sur la santé)/Pourquoi ces données utilisateur sont-elles collectées ? Plusieurs réponses possibles./Prévention des fraudes, sécurité et conformité"
PSL_DATA_USAGE_RESPONSES:PSL_HEALTH:DATA_USAGE_COLLECTION_PURPOSE,PSL_ADVERTISING,,MULTIPLE_CHOICE,Utilisation et traitement des données (Infos sur la santé)/Pourquoi ces données utilisateur sont-elles collectées ? Plusieurs réponses possibles./Publicité ou marketing
PSL_DATA_USAGE_RESPONSES:PSL_HEALTH:DATA_USAGE_COLLECTION_PURPOSE,PSL_PERSONALIZATION,,MULTIPLE_CHOICE,Utilisation et traitement des données (Infos sur la santé)/Pourquoi ces données utilisateur sont-elles collectées ? Plusieurs réponses possibles./Personnalisation
PSL_DATA_USAGE_RESPONSES:PSL_HEALTH:DATA_USAGE_COLLECTION_PURPOSE,PSL_ACCOUNT_MANAGEMENT,,MULTIPLE_CHOICE,Utilisation et traitement des données (Infos sur la santé)/Pourquoi ces données utilisateur sont-elles collectées ? Plusieurs réponses possibles./Gestion des comptes
PSL_DATA_USAGE_RESPONSES:PSL_HEALTH:DATA_USAGE_SHARING_PURPOSE,PSL_APP_FUNCTIONALITY,,MULTIPLE_CHOICE,Utilisation et traitement des données (Infos sur la santé)/Pourquoi ces données utilisateur sont-elles partagées ? Plusieurs réponses possibles./Fonctionnement de l'appli
PSL_DATA_USAGE_RESPONSES:PSL_HEALTH:DATA_USAGE_SHARING_PURPOSE,PSL_ANALYTICS,,MULTIPLE_CHOICE,Utilisation et traitement des données (Infos sur la santé)/Pourquoi ces données utilisateur sont-elles partagées ? Plusieurs réponses possibles./Analyse
PSL_DATA_USAGE_RESPONSES:PSL_HEALTH:DATA_USAGE_SHARING_PURPOSE,PSL_DEVELOPER_COMMUNICATIONS,,MULTIPLE_CHOICE,Utilisation et traitement des données (Infos sur la santé)/Pourquoi ces données utilisateur sont-elles partagées ? Plusieurs réponses possibles./Communications du développeur
PSL_DATA_USAGE_RESPONSES:PSL_HEALTH:DATA_USAGE_SHARING_PURPOSE,PSL_FRAUD_PREVENTION_SECURITY,,MULTIPLE_CHOICE,"Utilisation et traitement des données (Infos sur la santé)/Pourquoi ces données utilisateur sont-elles partagées ? Plusieurs réponses possibles./Prévention des fraudes, sécurité et conformité"
PSL_DATA_USAGE_RESPONSES:PSL_HEALTH:DATA_USAGE_SHARING_PURPOSE,PSL_ADVERTISING,,MULTIPLE_CHOICE,Utilisation et traitement des données (Infos sur la santé)/Pourquoi ces données utilisateur sont-elles partagées ? Plusieurs réponses possibles./Publicité ou marketing
PSL_DATA_USAGE_RESPONSES:PSL_HEALTH:DATA_USAGE_SHARING_PURPOSE,PSL_PERSONALIZATION,,MULTIPLE_CHOICE,Utilisation et traitement des données (Infos sur la santé)/Pourquoi ces données utilisateur sont-elles partagées ? Plusieurs réponses possibles./Personnalisation
PSL_DATA_USAGE_RESPONSES:PSL_HEALTH:DATA_USAGE_SHARING_PURPOSE,PSL_ACCOUNT_MANAGEMENT,,MULTIPLE_CHOICE,Utilisation et traitement des données (Infos sur la santé)/Pourquoi ces données utilisateur sont-elles partagées ? Plusieurs réponses possibles./Gestion des comptes
PSL_DATA_USAGE_RESPONSES:PSL_FITNESS:PSL_DATA_USAGE_COLLECTION_AND_SHARING,PSL_DATA_USAGE_ONLY_COLLECTED,,MULTIPLE_CHOICE,"Utilisation et traitement des données (Infos sur l'activité physique)/Ces données sont-elles collectées, partagées ou les deux ?/Collectées"
PSL_DATA_USAGE_RESPONSES:PSL_FITNESS:PSL_DATA_USAGE_COLLECTION_AND_SHARING,PSL_DATA_USAGE_ONLY_SHARED,,MULTIPLE_CHOICE,"Utilisation et traitement des données (Infos sur l'activité physique)/Ces données sont-elles collectées, partagées ou les deux ?/Partagées"
PSL_DATA_USAGE_RESPONSES:PSL_FITNESS:PSL_DATA_USAGE_EPHEMERAL,,,MAYBE_REQUIRED,Utilisation et traitement des données (Infos sur l'activité physique)/Ces données sont-elles traitées de manière éphémère ?
PSL_DATA_USAGE_RESPONSES:PSL_FITNESS:DATA_USAGE_USER_CONTROL,PSL_DATA_USAGE_USER_CONTROL_OPTIONAL,,SINGLE_CHOICE,"Utilisation et traitement des données (Infos sur l'activité physique)/Ces données sont-elles requises pour votre appli, ou les utilisateurs peuvent-ils décider qu'elles soient collectées ou non ?/Les utilisateurs peuvent choisir si ces données sont collectées ou non"
PSL_DATA_USAGE_RESPONSES:PSL_FITNESS:DATA_USAGE_USER_CONTROL,PSL_DATA_USAGE_USER_CONTROL_REQUIRED,,SINGLE_CHOICE,"Utilisation et traitement des données (Infos sur l'activité physique)/Ces données sont-elles requises pour votre appli, ou les utilisateurs peuvent-ils décider qu'elles soient collectées ou non ?/La collecte de données est requise (les utilisateurs ne peuvent pas désactiver cette collecte)"
PSL_DATA_USAGE_RESPONSES:PSL_FITNESS:DATA_USAGE_COLLECTION_PURPOSE,PSL_APP_FUNCTIONALITY,,MULTIPLE_CHOICE,Utilisation et traitement des données (Infos sur l'activité physique)/Pourquoi ces données utilisateur sont-elles collectées ? Plusieurs réponses possibles./Fonctionnement de l'appli
PSL_DATA_USAGE_RESPONSES:PSL_FITNESS:DATA_USAGE_COLLECTION_PURPOSE,PSL_ANALYTICS,,MULTIPLE_CHOICE,Utilisation et traitement des données (Infos sur l'activité physique)/Pourquoi ces données utilisateur sont-elles collectées ? Plusieurs réponses possibles./Analyse
PSL_DATA_USAGE_RESPONSES:PSL_FITNESS:DATA_USAGE_COLLECTION_PURPOSE,PSL_DEVELOPER_COMMUNICATIONS,,MULTIPLE_CHOICE,Utilisation et traitement des données (Infos sur l'activité physique)/Pourquoi ces données utilisateur sont-elles collectées ? Plusieurs réponses possibles./Communications du développeur
PSL_DATA_USAGE_RESPONSES:PSL_FITNESS:DATA_USAGE_COLLECTION_PURPOSE,PSL_FRAUD_PREVENTION_SECURITY,,MULTIPLE_CHOICE,"Utilisation et traitement des données (Infos sur l'activité physique)/Pourquoi ces données utilisateur sont-elles collectées ? Plusieurs réponses possibles./Prévention des fraudes, sécurité et conformité"
PSL_DATA_USAGE_RESPONSES:PSL_FITNESS:DATA_USAGE_COLLECTION_PURPOSE,PSL_ADVERTISING,,MULTIPLE_CHOICE,Utilisation et traitement des données (Infos sur l'activité physique)/Pourquoi ces données utilisateur sont-elles collectées ? Plusieurs réponses possibles./Publicité ou marketing
PSL_DATA_USAGE_RESPONSES:PSL_FITNESS:DATA_USAGE_COLLECTION_PURPOSE,PSL_PERSONALIZATION,,MULTIPLE_CHOICE,Utilisation et traitement des données (Infos sur l'activité physique)/Pourquoi ces données utilisateur sont-elles collectées ? Plusieurs réponses possibles./Personnalisation
PSL_DATA_USAGE_RESPONSES:PSL_FITNESS:DATA_USAGE_COLLECTION_PURPOSE,PSL_ACCOUNT_MANAGEMENT,,MULTIPLE_CHOICE,Utilisation et traitement des données (Infos sur l'activité physique)/Pourquoi ces données utilisateur sont-elles collectées ? Plusieurs réponses possibles./Gestion des comptes
PSL_DATA_USAGE_RESPONSES:PSL_FITNESS:DATA_USAGE_SHARING_PURPOSE,PSL_APP_FUNCTIONALITY,,MULTIPLE_CHOICE,Utilisation et traitement des données (Infos sur l'activité physique)/Pourquoi ces données utilisateur sont-elles partagées ? Plusieurs réponses possibles./Fonctionnement de l'appli
PSL_DATA_USAGE_RESPONSES:PSL_FITNESS:DATA_USAGE_SHARING_PURPOSE,PSL_ANALYTICS,,MULTIPLE_CHOICE,Utilisation et traitement des données (Infos sur l'activité physique)/Pourquoi ces données utilisateur sont-elles partagées ? Plusieurs réponses possibles./Analyse
PSL_DATA_USAGE_RESPONSES:PSL_FITNESS:DATA_USAGE_SHARING_PURPOSE,PSL_DEVELOPER_COMMUNICATIONS,,MULTIPLE_CHOICE,Utilisation et traitement des données (Infos sur l'activité physique)/Pourquoi ces données utilisateur sont-elles partagées ? Plusieurs réponses possibles./Communications du développeur
PSL_DATA_USAGE_RESPONSES:PSL_FITNESS:DATA_USAGE_SHARING_PURPOSE,PSL_FRAUD_PREVENTION_SECURITY,,MULTIPLE_CHOICE,"Utilisation et traitement des données (Infos sur l'activité physique)/Pourquoi ces données utilisateur sont-elles partagées ? Plusieurs réponses possibles./Prévention des fraudes, sécurité et conformité"
PSL_DATA_USAGE_RESPONSES:PSL_FITNESS:DATA_USAGE_SHARING_PURPOSE,PSL_ADVERTISING,,MULTIPLE_CHOICE,Utilisation et traitement des données (Infos sur l'activité physique)/Pourquoi ces données utilisateur sont-elles partagées ? Plusieurs réponses possibles./Publicité ou marketing
PSL_DATA_USAGE_RESPONSES:PSL_FITNESS:DATA_USAGE_SHARING_PURPOSE,PSL_PERSONALIZATION,,MULTIPLE_CHOICE,Utilisation et traitement des données (Infos sur l'activité physique)/Pourquoi ces données utilisateur sont-elles partagées ? Plusieurs réponses possibles./Personnalisation
PSL_DATA_USAGE_RESPONSES:PSL_FITNESS:DATA_USAGE_SHARING_PURPOSE,PSL_ACCOUNT_MANAGEMENT,,MULTIPLE_CHOICE,Utilisation et traitement des données (Infos sur l'activité physique)/Pourquoi ces données utilisateur sont-elles partagées ? Plusieurs réponses possibles./Gestion des comptes
PSL_DATA_USAGE_RESPONSES:PSL_CONTACTS:PSL_DATA_USAGE_COLLECTION_AND_SHARING,PSL_DATA_USAGE_ONLY_COLLECTED,,MULTIPLE_CHOICE,"Utilisation et traitement des données (Contacts)/Ces données sont-elles collectées, partagées ou les deux ?/Collectées"
PSL_DATA_USAGE_RESPONSES:PSL_CONTACTS:PSL_DATA_USAGE_COLLECTION_AND_SHARING,PSL_DATA_USAGE_ONLY_SHARED,,MULTIPLE_CHOICE,"Utilisation et traitement des données (Contacts)/Ces données sont-elles collectées, partagées ou les deux ?/Partagées"
PSL_DATA_USAGE_RESPONSES:PSL_CONTACTS:PSL_DATA_USAGE_EPHEMERAL,,,MAYBE_REQUIRED,Utilisation et traitement des données (Contacts)/Ces données sont-elles traitées de manière éphémère ?
PSL_DATA_USAGE_RESPONSES:PSL_CONTACTS:DATA_USAGE_USER_CONTROL,PSL_DATA_USAGE_USER_CONTROL_OPTIONAL,,SINGLE_CHOICE,"Utilisation et traitement des données (Contacts)/Ces données sont-elles requises pour votre appli, ou les utilisateurs peuvent-ils décider qu'elles soient collectées ou non ?/Les utilisateurs peuvent choisir si ces données sont collectées ou non"
PSL_DATA_USAGE_RESPONSES:PSL_CONTACTS:DATA_USAGE_USER_CONTROL,PSL_DATA_USAGE_USER_CONTROL_REQUIRED,,SINGLE_CHOICE,"Utilisation et traitement des données (Contacts)/Ces données sont-elles requises pour votre appli, ou les utilisateurs peuvent-ils décider qu'elles soient collectées ou non ?/La collecte de données est requise (les utilisateurs ne peuvent pas désactiver cette collecte)"
PSL_DATA_USAGE_RESPONSES:PSL_CONTACTS:DATA_USAGE_COLLECTION_PURPOSE,PSL_APP_FUNCTIONALITY,,MULTIPLE_CHOICE,Utilisation et traitement des données (Contacts)/Pourquoi ces données utilisateur sont-elles collectées ? Plusieurs réponses possibles./Fonctionnement de l'appli
PSL_DATA_USAGE_RESPONSES:PSL_CONTACTS:DATA_USAGE_COLLECTION_PURPOSE,PSL_ANALYTICS,,MULTIPLE_CHOICE,Utilisation et traitement des données (Contacts)/Pourquoi ces données utilisateur sont-elles collectées ? Plusieurs réponses possibles./Analyse
PSL_DATA_USAGE_RESPONSES:PSL_CONTACTS:DATA_USAGE_COLLECTION_PURPOSE,PSL_DEVELOPER_COMMUNICATIONS,,MULTIPLE_CHOICE,Utilisation et traitement des données (Contacts)/Pourquoi ces données utilisateur sont-elles collectées ? Plusieurs réponses possibles./Communications du développeur
PSL_DATA_USAGE_RESPONSES:PSL_CONTACTS:DATA_USAGE_COLLECTION_PURPOSE,PSL_FRAUD_PREVENTION_SECURITY,,MULTIPLE_CHOICE,"Utilisation et traitement des données (Contacts)/Pourquoi ces données utilisateur sont-elles collectées ? Plusieurs réponses possibles./Prévention des fraudes, sécurité et conformité"
PSL_DATA_USAGE_RESPONSES:PSL_CONTACTS:DATA_USAGE_COLLECTION_PURPOSE,PSL_ADVERTISING,,MULTIPLE_CHOICE,Utilisation et traitement des données (Contacts)/Pourquoi ces données utilisateur sont-elles collectées ? Plusieurs réponses possibles./Publicité ou marketing
PSL_DATA_USAGE_RESPONSES:PSL_CONTACTS:DATA_USAGE_COLLECTION_PURPOSE,PSL_PERSONALIZATION,,MULTIPLE_CHOICE,Utilisation et traitement des données (Contacts)/Pourquoi ces données utilisateur sont-elles collectées ? Plusieurs réponses possibles./Personnalisation
PSL_DATA_USAGE_RESPONSES:PSL_CONTACTS:DATA_USAGE_COLLECTION_PURPOSE,PSL_ACCOUNT_MANAGEMENT,,MULTIPLE_CHOICE,Utilisation et traitement des données (Contacts)/Pourquoi ces données utilisateur sont-elles collectées ? Plusieurs réponses possibles./Gestion des comptes
PSL_DATA_USAGE_RESPONSES:PSL_CONTACTS:DATA_USAGE_SHARING_PURPOSE,PSL_APP_FUNCTIONALITY,,MULTIPLE_CHOICE,Utilisation et traitement des données (Contacts)/Pourquoi ces données utilisateur sont-elles partagées ? Plusieurs réponses possibles./Fonctionnement de l'appli
PSL_DATA_USAGE_RESPONSES:PSL_CONTACTS:DATA_USAGE_SHARING_PURPOSE,PSL_ANALYTICS,,MULTIPLE_CHOICE,Utilisation et traitement des données (Contacts)/Pourquoi ces données utilisateur sont-elles partagées ? Plusieurs réponses possibles./Analyse
PSL_DATA_USAGE_RESPONSES:PSL_CONTACTS:DATA_USAGE_SHARING_PURPOSE,PSL_DEVELOPER_COMMUNICATIONS,,MULTIPLE_CHOICE,Utilisation et traitement des données (Contacts)/Pourquoi ces données utilisateur sont-elles partagées ? Plusieurs réponses possibles./Communications du développeur
PSL_DATA_USAGE_RESPONSES:PSL_CONTACTS:DATA_USAGE_SHARING_PURPOSE,PSL_FRAUD_PREVENTION_SECURITY,,MULTIPLE_CHOICE,"Utilisation et traitement des données (Contacts)/Pourquoi ces données utilisateur sont-elles partagées ? Plusieurs réponses possibles./Prévention des fraudes, sécurité et conformité"
PSL_DATA_USAGE_RESPONSES:PSL_CONTACTS:DATA_USAGE_SHARING_PURPOSE,PSL_ADVERTISING,,MULTIPLE_CHOICE,Utilisation et traitement des données (Contacts)/Pourquoi ces données utilisateur sont-elles partagées ? Plusieurs réponses possibles./Publicité ou marketing
PSL_DATA_USAGE_RESPONSES:PSL_CONTACTS:DATA_USAGE_SHARING_PURPOSE,PSL_PERSONALIZATION,,MULTIPLE_CHOICE,Utilisation et traitement des données (Contacts)/Pourquoi ces données utilisateur sont-elles partagées ? Plusieurs réponses possibles./Personnalisation
PSL_DATA_USAGE_RESPONSES:PSL_CONTACTS:DATA_USAGE_SHARING_PURPOSE,PSL_ACCOUNT_MANAGEMENT,,MULTIPLE_CHOICE,Utilisation et traitement des données (Contacts)/Pourquoi ces données utilisateur sont-elles partagées ? Plusieurs réponses possibles./Gestion des comptes
PSL_DATA_USAGE_RESPONSES:PSL_CALENDAR:PSL_DATA_USAGE_COLLECTION_AND_SHARING,PSL_DATA_USAGE_ONLY_COLLECTED,,MULTIPLE_CHOICE,"Utilisation et traitement des données (Événements du calendrier)/Ces données sont-elles collectées, partagées ou les deux ?/Collectées"
PSL_DATA_USAGE_RESPONSES:PSL_CALENDAR:PSL_DATA_USAGE_COLLECTION_AND_SHARING,PSL_DATA_USAGE_ONLY_SHARED,,MULTIPLE_CHOICE,"Utilisation et traitement des données (Événements du calendrier)/Ces données sont-elles collectées, partagées ou les deux ?/Partagées"
PSL_DATA_USAGE_RESPONSES:PSL_CALENDAR:PSL_DATA_USAGE_EPHEMERAL,,,MAYBE_REQUIRED,Utilisation et traitement des données (Événements du calendrier)/Ces données sont-elles traitées de manière éphémère ?
PSL_DATA_USAGE_RESPONSES:PSL_CALENDAR:DATA_USAGE_USER_CONTROL,PSL_DATA_USAGE_USER_CONTROL_OPTIONAL,,SINGLE_CHOICE,"Utilisation et traitement des données (Événements du calendrier)/Ces données sont-elles requises pour votre appli, ou les utilisateurs peuvent-ils décider qu'elles soient collectées ou non ?/Les utilisateurs peuvent choisir si ces données sont collectées ou non"
PSL_DATA_USAGE_RESPONSES:PSL_CALENDAR:DATA_USAGE_USER_CONTROL,PSL_DATA_USAGE_USER_CONTROL_REQUIRED,,SINGLE_CHOICE,"Utilisation et traitement des données (Événements du calendrier)/Ces données sont-elles requises pour votre appli, ou les utilisateurs peuvent-ils décider qu'elles soient collectées ou non ?/La collecte de données est requise (les utilisateurs ne peuvent pas désactiver cette collecte)"
PSL_DATA_USAGE_RESPONSES:PSL_CALENDAR:DATA_USAGE_COLLECTION_PURPOSE,PSL_APP_FUNCTIONALITY,,MULTIPLE_CHOICE,Utilisation et traitement des données (Événements du calendrier)/Pourquoi ces données utilisateur sont-elles collectées ? Plusieurs réponses possibles./Fonctionnement de l'appli
PSL_DATA_USAGE_RESPONSES:PSL_CALENDAR:DATA_USAGE_COLLECTION_PURPOSE,PSL_ANALYTICS,,MULTIPLE_CHOICE,Utilisation et traitement des données (Événements du calendrier)/Pourquoi ces données utilisateur sont-elles collectées ? Plusieurs réponses possibles./Analyse
PSL_DATA_USAGE_RESPONSES:PSL_CALENDAR:DATA_USAGE_COLLECTION_PURPOSE,PSL_DEVELOPER_COMMUNICATIONS,,MULTIPLE_CHOICE,Utilisation et traitement des données (Événements du calendrier)/Pourquoi ces données utilisateur sont-elles collectées ? Plusieurs réponses possibles./Communications du développeur
PSL_DATA_USAGE_RESPONSES:PSL_CALENDAR:DATA_USAGE_COLLECTION_PURPOSE,PSL_FRAUD_PREVENTION_SECURITY,,MULTIPLE_CHOICE,"Utilisation et traitement des données (Événements du calendrier)/Pourquoi ces données utilisateur sont-elles collectées ? Plusieurs réponses possibles./Prévention des fraudes, sécurité et conformité"
PSL_DATA_USAGE_RESPONSES:PSL_CALENDAR:DATA_USAGE_COLLECTION_PURPOSE,PSL_ADVERTISING,,MULTIPLE_CHOICE,Utilisation et traitement des données (Événements du calendrier)/Pourquoi ces données utilisateur sont-elles collectées ? Plusieurs réponses possibles./Publicité ou marketing
PSL_DATA_USAGE_RESPONSES:PSL_CALENDAR:DATA_USAGE_COLLECTION_PURPOSE,PSL_PERSONALIZATION,,MULTIPLE_CHOICE,Utilisation et traitement des données (Événements du calendrier)/Pourquoi ces données utilisateur sont-elles collectées ? Plusieurs réponses possibles./Personnalisation
PSL_DATA_USAGE_RESPONSES:PSL_CALENDAR:DATA_USAGE_COLLECTION_PURPOSE,PSL_ACCOUNT_MANAGEMENT,,MULTIPLE_CHOICE,Utilisation et traitement des données (Événements du calendrier)/Pourquoi ces données utilisateur sont-elles collectées ? Plusieurs réponses possibles./Gestion des comptes
PSL_DATA_USAGE_RESPONSES:PSL_CALENDAR:DATA_USAGE_SHARING_PURPOSE,PSL_APP_FUNCTIONALITY,,MULTIPLE_CHOICE,Utilisation et traitement des données (Événements du calendrier)/Pourquoi ces données utilisateur sont-elles partagées ? Plusieurs réponses possibles./Fonctionnement de l'appli
PSL_DATA_USAGE_RESPONSES:PSL_CALENDAR:DATA_USAGE_SHARING_PURPOSE,PSL_ANALYTICS,,MULTIPLE_CHOICE,Utilisation et traitement des données (Événements du calendrier)/Pourquoi ces données utilisateur sont-elles partagées ? Plusieurs réponses possibles./Analyse
PSL_DATA_USAGE_RESPONSES:PSL_CALENDAR:DATA_USAGE_SHARING_PURPOSE,PSL_DEVELOPER_COMMUNICATIONS,,MULTIPLE_CHOICE,Utilisation et traitement des données (Événements du calendrier)/Pourquoi ces données utilisateur sont-elles partagées ? Plusieurs réponses possibles./Communications du développeur
PSL_DATA_USAGE_RESPONSES:PSL_CALENDAR:DATA_USAGE_SHARING_PURPOSE,PSL_FRAUD_PREVENTION_SECURITY,,MULTIPLE_CHOICE,"Utilisation et traitement des données (Événements du calendrier)/Pourquoi ces données utilisateur sont-elles partagées ? Plusieurs réponses possibles./Prévention des fraudes, sécurité et conformité"
PSL_DATA_USAGE_RESPONSES:PSL_CALENDAR:DATA_USAGE_SHARING_PURPOSE,PSL_ADVERTISING,,MULTIPLE_CHOICE,Utilisation et traitement des données (Événements du calendrier)/Pourquoi ces données utilisateur sont-elles partagées ? Plusieurs réponses possibles./Publicité ou marketing
PSL_DATA_USAGE_RESPONSES:PSL_CALENDAR:DATA_USAGE_SHARING_PURPOSE,PSL_PERSONALIZATION,,MULTIPLE_CHOICE,Utilisation et traitement des données (Événements du calendrier)/Pourquoi ces données utilisateur sont-elles partagées ? Plusieurs réponses possibles./Personnalisation
PSL_DATA_USAGE_RESPONSES:PSL_CALENDAR:DATA_USAGE_SHARING_PURPOSE,PSL_ACCOUNT_MANAGEMENT,,MULTIPLE_CHOICE,Utilisation et traitement des données (Événements du calendrier)/Pourquoi ces données utilisateur sont-elles partagées ? Plusieurs réponses possibles./Gestion des comptes
PSL_DATA_USAGE_RESPONSES:PSL_CRASH_LOGS:PSL_DATA_USAGE_COLLECTION_AND_SHARING,PSL_DATA_USAGE_ONLY_COLLECTED,,MULTIPLE_CHOICE,"Utilisation et traitement des données (Journaux de plantage)/Ces données sont-elles collectées, partagées ou les deux ?/Collectées"
PSL_DATA_USAGE_RESPONSES:PSL_CRASH_LOGS:PSL_DATA_USAGE_COLLECTION_AND_SHARING,PSL_DATA_USAGE_ONLY_SHARED,,MULTIPLE_CHOICE,"Utilisation et traitement des données (Journaux de plantage)/Ces données sont-elles collectées, partagées ou les deux ?/Partagées"
PSL_DATA_USAGE_RESPONSES:PSL_CRASH_LOGS:PSL_DATA_USAGE_EPHEMERAL,,,MAYBE_REQUIRED,Utilisation et traitement des données (Journaux de plantage)/Ces données sont-elles traitées de manière éphémère ?
PSL_DATA_USAGE_RESPONSES:PSL_CRASH_LOGS:DATA_USAGE_USER_CONTROL,PSL_DATA_USAGE_USER_CONTROL_OPTIONAL,,SINGLE_CHOICE,"Utilisation et traitement des données (Journaux de plantage)/Ces données sont-elles requises pour votre appli, ou les utilisateurs peuvent-ils décider qu'elles soient collectées ou non ?/Les utilisateurs peuvent choisir si ces données sont collectées ou non"
PSL_DATA_USAGE_RESPONSES:PSL_CRASH_LOGS:DATA_USAGE_USER_CONTROL,PSL_DATA_USAGE_USER_CONTROL_REQUIRED,,SINGLE_CHOICE,"Utilisation et traitement des données (Journaux de plantage)/Ces données sont-elles requises pour votre appli, ou les utilisateurs peuvent-ils décider qu'elles soient collectées ou non ?/La collecte de données est requise (les utilisateurs ne peuvent pas désactiver cette collecte)"
PSL_DATA_USAGE_RESPONSES:PSL_CRASH_LOGS:DATA_USAGE_COLLECTION_PURPOSE,PSL_APP_FUNCTIONALITY,,MULTIPLE_CHOICE,Utilisation et traitement des données (Journaux de plantage)/Pourquoi ces données utilisateur sont-elles collectées ? Plusieurs réponses possibles./Fonctionnement de l'appli
PSL_DATA_USAGE_RESPONSES:PSL_CRASH_LOGS:DATA_USAGE_COLLECTION_PURPOSE,PSL_ANALYTICS,,MULTIPLE_CHOICE,Utilisation et traitement des données (Journaux de plantage)/Pourquoi ces données utilisateur sont-elles collectées ? Plusieurs réponses possibles./Analyse
PSL_DATA_USAGE_RESPONSES:PSL_CRASH_LOGS:DATA_USAGE_COLLECTION_PURPOSE,PSL_DEVELOPER_COMMUNICATIONS,,MULTIPLE_CHOICE,Utilisation et traitement des données (Journaux de plantage)/Pourquoi ces données utilisateur sont-elles collectées ? Plusieurs réponses possibles./Communications du développeur
PSL_DATA_USAGE_RESPONSES:PSL_CRASH_LOGS:DATA_USAGE_COLLECTION_PURPOSE,PSL_FRAUD_PREVENTION_SECURITY,,MULTIPLE_CHOICE,"Utilisation et traitement des données (Journaux de plantage)/Pourquoi ces données utilisateur sont-elles collectées ? Plusieurs réponses possibles./Prévention des fraudes, sécurité et conformité"
PSL_DATA_USAGE_RESPONSES:PSL_CRASH_LOGS:DATA_USAGE_COLLECTION_PURPOSE,PSL_ADVERTISING,,MULTIPLE_CHOICE,Utilisation et traitement des données (Journaux de plantage)/Pourquoi ces données utilisateur sont-elles collectées ? Plusieurs réponses possibles./Publicité ou marketing
PSL_DATA_USAGE_RESPONSES:PSL_CRASH_LOGS:DATA_USAGE_COLLECTION_PURPOSE,PSL_PERSONALIZATION,,MULTIPLE_CHOICE,Utilisation et traitement des données (Journaux de plantage)/Pourquoi ces données utilisateur sont-elles collectées ? Plusieurs réponses possibles./Personnalisation
PSL_DATA_USAGE_RESPONSES:PSL_CRASH_LOGS:DATA_USAGE_COLLECTION_PURPOSE,PSL_ACCOUNT_MANAGEMENT,,MULTIPLE_CHOICE,Utilisation et traitement des données (Journaux de plantage)/Pourquoi ces données utilisateur sont-elles collectées ? Plusieurs réponses possibles./Gestion des comptes
PSL_DATA_USAGE_RESPONSES:PSL_CRASH_LOGS:DATA_USAGE_SHARING_PURPOSE,PSL_APP_FUNCTIONALITY,,MULTIPLE_CHOICE,Utilisation et traitement des données (Journaux de plantage)/Pourquoi ces données utilisateur sont-elles partagées ? Plusieurs réponses possibles./Fonctionnement de l'appli
PSL_DATA_USAGE_RESPONSES:PSL_CRASH_LOGS:DATA_USAGE_SHARING_PURPOSE,PSL_ANALYTICS,,MULTIPLE_CHOICE,Utilisation et traitement des données (Journaux de plantage)/Pourquoi ces données utilisateur sont-elles partagées ? Plusieurs réponses possibles./Analyse
PSL_DATA_USAGE_RESPONSES:PSL_CRASH_LOGS:DATA_USAGE_SHARING_PURPOSE,PSL_DEVELOPER_COMMUNICATIONS,,MULTIPLE_CHOICE,Utilisation et traitement des données (Journaux de plantage)/Pourquoi ces données utilisateur sont-elles partagées ? Plusieurs réponses possibles./Communications du développeur
PSL_DATA_USAGE_RESPONSES:PSL_CRASH_LOGS:DATA_USAGE_SHARING_PURPOSE,PSL_FRAUD_PREVENTION_SECURITY,,MULTIPLE_CHOICE,"Utilisation et traitement des données (Journaux de plantage)/Pourquoi ces données utilisateur sont-elles partagées ? Plusieurs réponses possibles./Prévention des fraudes, sécurité et conformité"
PSL_DATA_USAGE_RESPONSES:PSL_CRASH_LOGS:DATA_USAGE_SHARING_PURPOSE,PSL_ADVERTISING,,MULTIPLE_CHOICE,Utilisation et traitement des données (Journaux de plantage)/Pourquoi ces données utilisateur sont-elles partagées ? Plusieurs réponses possibles./Publicité ou marketing
PSL_DATA_USAGE_RESPONSES:PSL_CRASH_LOGS:DATA_USAGE_SHARING_PURPOSE,PSL_PERSONALIZATION,,MULTIPLE_CHOICE,Utilisation et traitement des données (Journaux de plantage)/Pourquoi ces données utilisateur sont-elles partagées ? Plusieurs réponses possibles./Personnalisation
PSL_DATA_USAGE_RESPONSES:PSL_CRASH_LOGS:DATA_USAGE_SHARING_PURPOSE,PSL_ACCOUNT_MANAGEMENT,,MULTIPLE_CHOICE,Utilisation et traitement des données (Journaux de plantage)/Pourquoi ces données utilisateur sont-elles partagées ? Plusieurs réponses possibles./Gestion des comptes
PSL_DATA_USAGE_RESPONSES:PSL_PERFORMANCE_DIAGNOSTICS:PSL_DATA_USAGE_COLLECTION_AND_SHARING,PSL_DATA_USAGE_ONLY_COLLECTED,,MULTIPLE_CHOICE,"Utilisation et traitement des données (Diagnostics)/Ces données sont-elles collectées, partagées ou les deux ?/Collectées"
PSL_DATA_USAGE_RESPONSES:PSL_PERFORMANCE_DIAGNOSTICS:PSL_DATA_USAGE_COLLECTION_AND_SHARING,PSL_DATA_USAGE_ONLY_SHARED,,MULTIPLE_CHOICE,"Utilisation et traitement des données (Diagnostics)/Ces données sont-elles collectées, partagées ou les deux ?/Partagées"
PSL_DATA_USAGE_RESPONSES:PSL_PERFORMANCE_DIAGNOSTICS:PSL_DATA_USAGE_EPHEMERAL,,,MAYBE_REQUIRED,Utilisation et traitement des données (Diagnostics)/Ces données sont-elles traitées de manière éphémère ?
PSL_DATA_USAGE_RESPONSES:PSL_PERFORMANCE_DIAGNOSTICS:DATA_USAGE_USER_CONTROL,PSL_DATA_USAGE_USER_CONTROL_OPTIONAL,,SINGLE_CHOICE,"Utilisation et traitement des données (Diagnostics)/Ces données sont-elles requises pour votre appli, ou les utilisateurs peuvent-ils décider qu'elles soient collectées ou non ?/Les utilisateurs peuvent choisir si ces données sont collectées ou non"
PSL_DATA_USAGE_RESPONSES:PSL_PERFORMANCE_DIAGNOSTICS:DATA_USAGE_USER_CONTROL,PSL_DATA_USAGE_USER_CONTROL_REQUIRED,,SINGLE_CHOICE,"Utilisation et traitement des données (Diagnostics)/Ces données sont-elles requises pour votre appli, ou les utilisateurs peuvent-ils décider qu'elles soient collectées ou non ?/La collecte de données est requise (les utilisateurs ne peuvent pas désactiver cette collecte)"
PSL_DATA_USAGE_RESPONSES:PSL_PERFORMANCE_DIAGNOSTICS:DATA_USAGE_COLLECTION_PURPOSE,PSL_APP_FUNCTIONALITY,,MULTIPLE_CHOICE,Utilisation et traitement des données (Diagnostics)/Pourquoi ces données utilisateur sont-elles collectées ? Plusieurs réponses possibles./Fonctionnement de l'appli
PSL_DATA_USAGE_RESPONSES:PSL_PERFORMANCE_DIAGNOSTICS:DATA_USAGE_COLLECTION_PURPOSE,PSL_ANALYTICS,,MULTIPLE_CHOICE,Utilisation et traitement des données (Diagnostics)/Pourquoi ces données utilisateur sont-elles collectées ? Plusieurs réponses possibles./Analyse
PSL_DATA_USAGE_RESPONSES:PSL_PERFORMANCE_DIAGNOSTICS:DATA_USAGE_COLLECTION_PURPOSE,PSL_DEVELOPER_COMMUNICATIONS,,MULTIPLE_CHOICE,Utilisation et traitement des données (Diagnostics)/Pourquoi ces données utilisateur sont-elles collectées ? Plusieurs réponses possibles./Communications du développeur
PSL_DATA_USAGE_RESPONSES:PSL_PERFORMANCE_DIAGNOSTICS:DATA_USAGE_COLLECTION_PURPOSE,PSL_FRAUD_PREVENTION_SECURITY,,MULTIPLE_CHOICE,"Utilisation et traitement des données (Diagnostics)/Pourquoi ces données utilisateur sont-elles collectées ? Plusieurs réponses possibles./Prévention des fraudes, sécurité et conformité"
PSL_DATA_USAGE_RESPONSES:PSL_PERFORMANCE_DIAGNOSTICS:DATA_USAGE_COLLECTION_PURPOSE,PSL_ADVERTISING,,MULTIPLE_CHOICE,Utilisation et traitement des données (Diagnostics)/Pourquoi ces données utilisateur sont-elles collectées ? Plusieurs réponses possibles./Publicité ou marketing
PSL_DATA_USAGE_RESPONSES:PSL_PERFORMANCE_DIAGNOSTICS:DATA_USAGE_COLLECTION_PURPOSE,PSL_PERSONALIZATION,,MULTIPLE_CHOICE,Utilisation et traitement des données (Diagnostics)/Pourquoi ces données utilisateur sont-elles collectées ? Plusieurs réponses possibles./Personnalisation
PSL_DATA_USAGE_RESPONSES:PSL_PERFORMANCE_DIAGNOSTICS:DATA_USAGE_COLLECTION_PURPOSE,PSL_ACCOUNT_MANAGEMENT,,MULTIPLE_CHOICE,Utilisation et traitement des données (Diagnostics)/Pourquoi ces données utilisateur sont-elles collectées ? Plusieurs réponses possibles./Gestion des comptes
PSL_DATA_USAGE_RESPONSES:PSL_PERFORMANCE_DIAGNOSTICS:DATA_USAGE_SHARING_PURPOSE,PSL_APP_FUNCTIONALITY,,MULTIPLE_CHOICE,Utilisation et traitement des données (Diagnostics)/Pourquoi ces données utilisateur sont-elles partagées ? Plusieurs réponses possibles./Fonctionnement de l'appli
PSL_DATA_USAGE_RESPONSES:PSL_PERFORMANCE_DIAGNOSTICS:DATA_USAGE_SHARING_PURPOSE,PSL_ANALYTICS,,MULTIPLE_CHOICE,Utilisation et traitement des données (Diagnostics)/Pourquoi ces données utilisateur sont-elles partagées ? Plusieurs réponses possibles./Analyse
PSL_DATA_USAGE_RESPONSES:PSL_PERFORMANCE_DIAGNOSTICS:DATA_USAGE_SHARING_PURPOSE,PSL_DEVELOPER_COMMUNICATIONS,,MULTIPLE_CHOICE,Utilisation et traitement des données (Diagnostics)/Pourquoi ces données utilisateur sont-elles partagées ? Plusieurs réponses possibles./Communications du développeur
PSL_DATA_USAGE_RESPONSES:PSL_PERFORMANCE_DIAGNOSTICS:DATA_USAGE_SHARING_PURPOSE,PSL_FRAUD_PREVENTION_SECURITY,,MULTIPLE_CHOICE,"Utilisation et traitement des données (Diagnostics)/Pourquoi ces données utilisateur sont-elles partagées ? Plusieurs réponses possibles./Prévention des fraudes, sécurité et conformité"
PSL_DATA_USAGE_RESPONSES:PSL_PERFORMANCE_DIAGNOSTICS:DATA_USAGE_SHARING_PURPOSE,PSL_ADVERTISING,,MULTIPLE_CHOICE,Utilisation et traitement des données (Diagnostics)/Pourquoi ces données utilisateur sont-elles partagées ? Plusieurs réponses possibles./Publicité ou marketing
PSL_DATA_USAGE_RESPONSES:PSL_PERFORMANCE_DIAGNOSTICS:DATA_USAGE_SHARING_PURPOSE,PSL_PERSONALIZATION,,MULTIPLE_CHOICE,Utilisation et traitement des données (Diagnostics)/Pourquoi ces données utilisateur sont-elles partagées ? Plusieurs réponses possibles./Personnalisation
PSL_DATA_USAGE_RESPONSES:PSL_PERFORMANCE_DIAGNOSTICS:DATA_USAGE_SHARING_PURPOSE,PSL_ACCOUNT_MANAGEMENT,,MULTIPLE_CHOICE,Utilisation et traitement des données (Diagnostics)/Pourquoi ces données utilisateur sont-elles partagées ? Plusieurs réponses possibles./Gestion des comptes
PSL_DATA_USAGE_RESPONSES:PSL_OTHER_PERFORMANCE:PSL_DATA_USAGE_COLLECTION_AND_SHARING,PSL_DATA_USAGE_ONLY_COLLECTED,,MULTIPLE_CHOICE,"Utilisation et traitement des données (Autres données de performance de l'appli)/Ces données sont-elles collectées, partagées ou les deux ?/Collectées"
PSL_DATA_USAGE_RESPONSES:PSL_OTHER_PERFORMANCE:PSL_DATA_USAGE_COLLECTION_AND_SHARING,PSL_DATA_USAGE_ONLY_SHARED,,MULTIPLE_CHOICE,"Utilisation et traitement des données (Autres données de performance de l'appli)/Ces données sont-elles collectées, partagées ou les deux ?/Partagées"
PSL_DATA_USAGE_RESPONSES:PSL_OTHER_PERFORMANCE:PSL_DATA_USAGE_EPHEMERAL,,,MAYBE_REQUIRED,Utilisation et traitement des données (Autres données de performance de l'appli)/Ces données sont-elles traitées de manière éphémère ?
PSL_DATA_USAGE_RESPONSES:PSL_OTHER_PERFORMANCE:DATA_USAGE_USER_CONTROL,PSL_DATA_USAGE_USER_CONTROL_OPTIONAL,,SINGLE_CHOICE,"Utilisation et traitement des données (Autres données de performance de l'appli)/Ces données sont-elles requises pour votre appli, ou les utilisateurs peuvent-ils décider qu'elles soient collectées ou non ?/Les utilisateurs peuvent choisir si ces données sont collectées ou non"
PSL_DATA_USAGE_RESPONSES:PSL_OTHER_PERFORMANCE:DATA_USAGE_USER_CONTROL,PSL_DATA_USAGE_USER_CONTROL_REQUIRED,,SINGLE_CHOICE,"Utilisation et traitement des données (Autres données de performance de l'appli)/Ces données sont-elles requises pour votre appli, ou les utilisateurs peuvent-ils décider qu'elles soient collectées ou non ?/La collecte de données est requise (les utilisateurs ne peuvent pas désactiver cette collecte)"
PSL_DATA_USAGE_RESPONSES:PSL_OTHER_PERFORMANCE:DATA_USAGE_COLLECTION_PURPOSE,PSL_APP_FUNCTIONALITY,,MULTIPLE_CHOICE,Utilisation et traitement des données (Autres données de performance de l'appli)/Pourquoi ces données utilisateur sont-elles collectées ? Plusieurs réponses possibles./Fonctionnement de l'appli
PSL_DATA_USAGE_RESPONSES:PSL_OTHER_PERFORMANCE:DATA_USAGE_COLLECTION_PURPOSE,PSL_ANALYTICS,,MULTIPLE_CHOICE,Utilisation et traitement des données (Autres données de performance de l'appli)/Pourquoi ces données utilisateur sont-elles collectées ? Plusieurs réponses possibles./Analyse
PSL_DATA_USAGE_RESPONSES:PSL_OTHER_PERFORMANCE:DATA_USAGE_COLLECTION_PURPOSE,PSL_DEVELOPER_COMMUNICATIONS,,MULTIPLE_CHOICE,Utilisation et traitement des données (Autres données de performance de l'appli)/Pourquoi ces données utilisateur sont-elles collectées ? Plusieurs réponses possibles./Communications du développeur
PSL_DATA_USAGE_RESPONSES:PSL_OTHER_PERFORMANCE:DATA_USAGE_COLLECTION_PURPOSE,PSL_FRAUD_PREVENTION_SECURITY,,MULTIPLE_CHOICE,"Utilisation et traitement des données (Autres données de performance de l'appli)/Pourquoi ces données utilisateur sont-elles collectées ? Plusieurs réponses possibles./Prévention des fraudes, sécurité et conformité"
PSL_DATA_USAGE_RESPONSES:PSL_OTHER_PERFORMANCE:DATA_USAGE_COLLECTION_PURPOSE,PSL_ADVERTISING,,MULTIPLE_CHOICE,Utilisation et traitement des données (Autres données de performance de l'appli)/Pourquoi ces données utilisateur sont-elles collectées ? Plusieurs réponses possibles./Publicité ou marketing
PSL_DATA_USAGE_RESPONSES:PSL_OTHER_PERFORMANCE:DATA_USAGE_COLLECTION_PURPOSE,PSL_PERSONALIZATION,,MULTIPLE_CHOICE,Utilisation et traitement des données (Autres données de performance de l'appli)/Pourquoi ces données utilisateur sont-elles collectées ? Plusieurs réponses possibles./Personnalisation
PSL_DATA_USAGE_RESPONSES:PSL_OTHER_PERFORMANCE:DATA_USAGE_COLLECTION_PURPOSE,PSL_ACCOUNT_MANAGEMENT,,MULTIPLE_CHOICE,Utilisation et traitement des données (Autres données de performance de l'appli)/Pourquoi ces données utilisateur sont-elles collectées ? Plusieurs réponses possibles./Gestion des comptes
PSL_DATA_USAGE_RESPONSES:PSL_OTHER_PERFORMANCE:DATA_USAGE_SHARING_PURPOSE,PSL_APP_FUNCTIONALITY,,MULTIPLE_CHOICE,Utilisation et traitement des données (Autres données de performance de l'appli)/Pourquoi ces données utilisateur sont-elles partagées ? Plusieurs réponses possibles./Fonctionnement de l'appli
PSL_DATA_USAGE_RESPONSES:PSL_OTHER_PERFORMANCE:DATA_USAGE_SHARING_PURPOSE,PSL_ANALYTICS,,MULTIPLE_CHOICE,Utilisation et traitement des données (Autres données de performance de l'appli)/Pourquoi ces données utilisateur sont-elles partagées ? Plusieurs réponses possibles./Analyse
PSL_DATA_USAGE_RESPONSES:PSL_OTHER_PERFORMANCE:DATA_USAGE_SHARING_PURPOSE,PSL_DEVELOPER_COMMUNICATIONS,,MULTIPLE_CHOICE,Utilisation et traitement des données (Autres données de performance de l'appli)/Pourquoi ces données utilisateur sont-elles partagées ? Plusieurs réponses possibles./Communications du développeur
PSL_DATA_USAGE_RESPONSES:PSL_OTHER_PERFORMANCE:DATA_USAGE_SHARING_PURPOSE,PSL_FRAUD_PREVENTION_SECURITY,,MULTIPLE_CHOICE,"Utilisation et traitement des données (Autres données de performance de l'appli)/Pourquoi ces données utilisateur sont-elles partagées ? Plusieurs réponses possibles./Prévention des fraudes, sécurité et conformité"
PSL_DATA_USAGE_RESPONSES:PSL_OTHER_PERFORMANCE:DATA_USAGE_SHARING_PURPOSE,PSL_ADVERTISING,,MULTIPLE_CHOICE,Utilisation et traitement des données (Autres données de performance de l'appli)/Pourquoi ces données utilisateur sont-elles partagées ? Plusieurs réponses possibles./Publicité ou marketing
PSL_DATA_USAGE_RESPONSES:PSL_OTHER_PERFORMANCE:DATA_USAGE_SHARING_PURPOSE,PSL_PERSONALIZATION,,MULTIPLE_CHOICE,Utilisation et traitement des données (Autres données de performance de l'appli)/Pourquoi ces données utilisateur sont-elles partagées ? Plusieurs réponses possibles./Personnalisation
PSL_DATA_USAGE_RESPONSES:PSL_OTHER_PERFORMANCE:DATA_USAGE_SHARING_PURPOSE,PSL_ACCOUNT_MANAGEMENT,,MULTIPLE_CHOICE,Utilisation et traitement des données (Autres données de performance de l'appli)/Pourquoi ces données utilisateur sont-elles partagées ? Plusieurs réponses possibles./Gestion des comptes
PSL_DATA_USAGE_RESPONSES:PSL_FILES_AND_DOCS:PSL_DATA_USAGE_COLLECTION_AND_SHARING,PSL_DATA_USAGE_ONLY_COLLECTED,,MULTIPLE_CHOICE,"Utilisation et traitement des données (Fichiers et documents)/Ces données sont-elles collectées, partagées ou les deux ?/Collectées"
PSL_DATA_USAGE_RESPONSES:PSL_FILES_AND_DOCS:PSL_DATA_USAGE_COLLECTION_AND_SHARING,PSL_DATA_USAGE_ONLY_SHARED,,MULTIPLE_CHOICE,"Utilisation et traitement des données (Fichiers et documents)/Ces données sont-elles collectées, partagées ou les deux ?/Partagées"
PSL_DATA_USAGE_RESPONSES:PSL_FILES_AND_DOCS:PSL_DATA_USAGE_EPHEMERAL,,,MAYBE_REQUIRED,Utilisation et traitement des données (Fichiers et documents)/Ces données sont-elles traitées de manière éphémère ?
PSL_DATA_USAGE_RESPONSES:PSL_FILES_AND_DOCS:DATA_USAGE_USER_CONTROL,PSL_DATA_USAGE_USER_CONTROL_OPTIONAL,,SINGLE_CHOICE,"Utilisation et traitement des données (Fichiers et documents)/Ces données sont-elles requises pour votre appli, ou les utilisateurs peuvent-ils décider qu'elles soient collectées ou non ?/Les utilisateurs peuvent choisir si ces données sont collectées ou non"
PSL_DATA_USAGE_RESPONSES:PSL_FILES_AND_DOCS:DATA_USAGE_USER_CONTROL,PSL_DATA_USAGE_USER_CONTROL_REQUIRED,,SINGLE_CHOICE,"Utilisation et traitement des données (Fichiers et documents)/Ces données sont-elles requises pour votre appli, ou les utilisateurs peuvent-ils décider qu'elles soient collectées ou non ?/La collecte de données est requise (les utilisateurs ne peuvent pas désactiver cette collecte)"
PSL_DATA_USAGE_RESPONSES:PSL_FILES_AND_DOCS:DATA_USAGE_COLLECTION_PURPOSE,PSL_APP_FUNCTIONALITY,,MULTIPLE_CHOICE,Utilisation et traitement des données (Fichiers et documents)/Pourquoi ces données utilisateur sont-elles collectées ? Plusieurs réponses possibles./Fonctionnement de l'appli
PSL_DATA_USAGE_RESPONSES:PSL_FILES_AND_DOCS:DATA_USAGE_COLLECTION_PURPOSE,PSL_ANALYTICS,,MULTIPLE_CHOICE,Utilisation et traitement des données (Fichiers et documents)/Pourquoi ces données utilisateur sont-elles collectées ? Plusieurs réponses possibles./Analyse
PSL_DATA_USAGE_RESPONSES:PSL_FILES_AND_DOCS:DATA_USAGE_COLLECTION_PURPOSE,PSL_DEVELOPER_COMMUNICATIONS,,MULTIPLE_CHOICE,Utilisation et traitement des données (Fichiers et documents)/Pourquoi ces données utilisateur sont-elles collectées ? Plusieurs réponses possibles./Communications du développeur
PSL_DATA_USAGE_RESPONSES:PSL_FILES_AND_DOCS:DATA_USAGE_COLLECTION_PURPOSE,PSL_FRAUD_PREVENTION_SECURITY,,MULTIPLE_CHOICE,"Utilisation et traitement des données (Fichiers et documents)/Pourquoi ces données utilisateur sont-elles collectées ? Plusieurs réponses possibles./Prévention des fraudes, sécurité et conformité"
PSL_DATA_USAGE_RESPONSES:PSL_FILES_AND_DOCS:DATA_USAGE_COLLECTION_PURPOSE,PSL_ADVERTISING,,MULTIPLE_CHOICE,Utilisation et traitement des données (Fichiers et documents)/Pourquoi ces données utilisateur sont-elles collectées ? Plusieurs réponses possibles./Publicité ou marketing
PSL_DATA_USAGE_RESPONSES:PSL_FILES_AND_DOCS:DATA_USAGE_COLLECTION_PURPOSE,PSL_PERSONALIZATION,,MULTIPLE_CHOICE,Utilisation et traitement des données (Fichiers et documents)/Pourquoi ces données utilisateur sont-elles collectées ? Plusieurs réponses possibles./Personnalisation
PSL_DATA_USAGE_RESPONSES:PSL_FILES_AND_DOCS:DATA_USAGE_COLLECTION_PURPOSE,PSL_ACCOUNT_MANAGEMENT,,MULTIPLE_CHOICE,Utilisation et traitement des données (Fichiers et documents)/Pourquoi ces données utilisateur sont-elles collectées ? Plusieurs réponses possibles./Gestion des comptes
PSL_DATA_USAGE_RESPONSES:PSL_FILES_AND_DOCS:DATA_USAGE_SHARING_PURPOSE,PSL_APP_FUNCTIONALITY,,MULTIPLE_CHOICE,Utilisation et traitement des données (Fichiers et documents)/Pourquoi ces données utilisateur sont-elles partagées ? Plusieurs réponses possibles./Fonctionnement de l'appli
PSL_DATA_USAGE_RESPONSES:PSL_FILES_AND_DOCS:DATA_USAGE_SHARING_PURPOSE,PSL_ANALYTICS,,MULTIPLE_CHOICE,Utilisation et traitement des données (Fichiers et documents)/Pourquoi ces données utilisateur sont-elles partagées ? Plusieurs réponses possibles./Analyse
PSL_DATA_USAGE_RESPONSES:PSL_FILES_AND_DOCS:DATA_USAGE_SHARING_PURPOSE,PSL_DEVELOPER_COMMUNICATIONS,,MULTIPLE_CHOICE,Utilisation et traitement des données (Fichiers et documents)/Pourquoi ces données utilisateur sont-elles partagées ? Plusieurs réponses possibles./Communications du développeur
PSL_DATA_USAGE_RESPONSES:PSL_FILES_AND_DOCS:DATA_USAGE_SHARING_PURPOSE,PSL_FRAUD_PREVENTION_SECURITY,,MULTIPLE_CHOICE,"Utilisation et traitement des données (Fichiers et documents)/Pourquoi ces données utilisateur sont-elles partagées ? Plusieurs réponses possibles./Prévention des fraudes, sécurité et conformité"
PSL_DATA_USAGE_RESPONSES:PSL_FILES_AND_DOCS:DATA_USAGE_SHARING_PURPOSE,PSL_ADVERTISING,,MULTIPLE_CHOICE,Utilisation et traitement des données (Fichiers et documents)/Pourquoi ces données utilisateur sont-elles partagées ? Plusieurs réponses possibles./Publicité ou marketing
PSL_DATA_USAGE_RESPONSES:PSL_FILES_AND_DOCS:DATA_USAGE_SHARING_PURPOSE,PSL_PERSONALIZATION,,MULTIPLE_CHOICE,Utilisation et traitement des données (Fichiers et documents)/Pourquoi ces données utilisateur sont-elles partagées ? Plusieurs réponses possibles./Personnalisation
PSL_DATA_USAGE_RESPONSES:PSL_FILES_AND_DOCS:DATA_USAGE_SHARING_PURPOSE,PSL_ACCOUNT_MANAGEMENT,,MULTIPLE_CHOICE,Utilisation et traitement des données (Fichiers et documents)/Pourquoi ces données utilisateur sont-elles partagées ? Plusieurs réponses possibles./Gestion des comptes
PSL_DATA_USAGE_RESPONSES:PSL_USER_INTERACTION:PSL_DATA_USAGE_COLLECTION_AND_SHARING,PSL_DATA_USAGE_ONLY_COLLECTED,,MULTIPLE_CHOICE,"Utilisation et traitement des données (Interactions avec l'appli)/Ces données sont-elles collectées, partagées ou les deux ?/Collectées"
PSL_DATA_USAGE_RESPONSES:PSL_USER_INTERACTION:PSL_DATA_USAGE_COLLECTION_AND_SHARING,PSL_DATA_USAGE_ONLY_SHARED,,MULTIPLE_CHOICE,"Utilisation et traitement des données (Interactions avec l'appli)/Ces données sont-elles collectées, partagées ou les deux ?/Partagées"
PSL_DATA_USAGE_RESPONSES:PSL_USER_INTERACTION:PSL_DATA_USAGE_EPHEMERAL,,,MAYBE_REQUIRED,Utilisation et traitement des données (Interactions avec l'appli)/Ces données sont-elles traitées de manière éphémère ?
PSL_DATA_USAGE_RESPONSES:PSL_USER_INTERACTION:DATA_USAGE_USER_CONTROL,PSL_DATA_USAGE_USER_CONTROL_OPTIONAL,,SINGLE_CHOICE,"Utilisation et traitement des données (Interactions avec l'appli)/Ces données sont-elles requises pour votre appli, ou les utilisateurs peuvent-ils décider qu'elles soient collectées ou non ?/Les utilisateurs peuvent choisir si ces données sont collectées ou non"
PSL_DATA_USAGE_RESPONSES:PSL_USER_INTERACTION:DATA_USAGE_USER_CONTROL,PSL_DATA_USAGE_USER_CONTROL_REQUIRED,,SINGLE_CHOICE,"Utilisation et traitement des données (Interactions avec l'appli)/Ces données sont-elles requises pour votre appli, ou les utilisateurs peuvent-ils décider qu'elles soient collectées ou non ?/La collecte de données est requise (les utilisateurs ne peuvent pas désactiver cette collecte)"
PSL_DATA_USAGE_RESPONSES:PSL_USER_INTERACTION:DATA_USAGE_COLLECTION_PURPOSE,PSL_APP_FUNCTIONALITY,,MULTIPLE_CHOICE,Utilisation et traitement des données (Interactions avec l'appli)/Pourquoi ces données utilisateur sont-elles collectées ? Plusieurs réponses possibles./Fonctionnement de l'appli
PSL_DATA_USAGE_RESPONSES:PSL_USER_INTERACTION:DATA_USAGE_COLLECTION_PURPOSE,PSL_ANALYTICS,,MULTIPLE_CHOICE,Utilisation et traitement des données (Interactions avec l'appli)/Pourquoi ces données utilisateur sont-elles collectées ? Plusieurs réponses possibles./Analyse
PSL_DATA_USAGE_RESPONSES:PSL_USER_INTERACTION:DATA_USAGE_COLLECTION_PURPOSE,PSL_DEVELOPER_COMMUNICATIONS,,MULTIPLE_CHOICE,Utilisation et traitement des données (Interactions avec l'appli)/Pourquoi ces données utilisateur sont-elles collectées ? Plusieurs réponses possibles./Communications du développeur
PSL_DATA_USAGE_RESPONSES:PSL_USER_INTERACTION:DATA_USAGE_COLLECTION_PURPOSE,PSL_FRAUD_PREVENTION_SECURITY,,MULTIPLE_CHOICE,"Utilisation et traitement des données (Interactions avec l'appli)/Pourquoi ces données utilisateur sont-elles collectées ? Plusieurs réponses possibles./Prévention des fraudes, sécurité et conformité"
PSL_DATA_USAGE_RESPONSES:PSL_USER_INTERACTION:DATA_USAGE_COLLECTION_PURPOSE,PSL_ADVERTISING,,MULTIPLE_CHOICE,Utilisation et traitement des données (Interactions avec l'appli)/Pourquoi ces données utilisateur sont-elles collectées ? Plusieurs réponses possibles./Publicité ou marketing
PSL_DATA_USAGE_RESPONSES:PSL_USER_INTERACTION:DATA_USAGE_COLLECTION_PURPOSE,PSL_PERSONALIZATION,,MULTIPLE_CHOICE,Utilisation et traitement des données (Interactions avec l'appli)/Pourquoi ces données utilisateur sont-elles collectées ? Plusieurs réponses possibles./Personnalisation
PSL_DATA_USAGE_RESPONSES:PSL_USER_INTERACTION:DATA_USAGE_COLLECTION_PURPOSE,PSL_ACCOUNT_MANAGEMENT,,MULTIPLE_CHOICE,Utilisation et traitement des données (Interactions avec l'appli)/Pourquoi ces données utilisateur sont-elles collectées ? Plusieurs réponses possibles./Gestion des comptes
PSL_DATA_USAGE_RESPONSES:PSL_USER_INTERACTION:DATA_USAGE_SHARING_PURPOSE,PSL_APP_FUNCTIONALITY,,MULTIPLE_CHOICE,Utilisation et traitement des données (Interactions avec l'appli)/Pourquoi ces données utilisateur sont-elles partagées ? Plusieurs réponses possibles./Fonctionnement de l'appli
PSL_DATA_USAGE_RESPONSES:PSL_USER_INTERACTION:DATA_USAGE_SHARING_PURPOSE,PSL_ANALYTICS,,MULTIPLE_CHOICE,Utilisation et traitement des données (Interactions avec l'appli)/Pourquoi ces données utilisateur sont-elles partagées ? Plusieurs réponses possibles./Analyse
PSL_DATA_USAGE_RESPONSES:PSL_USER_INTERACTION:DATA_USAGE_SHARING_PURPOSE,PSL_DEVELOPER_COMMUNICATIONS,,MULTIPLE_CHOICE,Utilisation et traitement des données (Interactions avec l'appli)/Pourquoi ces données utilisateur sont-elles partagées ? Plusieurs réponses possibles./Communications du développeur
PSL_DATA_USAGE_RESPONSES:PSL_USER_INTERACTION:DATA_USAGE_SHARING_PURPOSE,PSL_FRAUD_PREVENTION_SECURITY,,MULTIPLE_CHOICE,"Utilisation et traitement des données (Interactions avec l'appli)/Pourquoi ces données utilisateur sont-elles partagées ? Plusieurs réponses possibles./Prévention des fraudes, sécurité et conformité"
PSL_DATA_USAGE_RESPONSES:PSL_USER_INTERACTION:DATA_USAGE_SHARING_PURPOSE,PSL_ADVERTISING,,MULTIPLE_CHOICE,Utilisation et traitement des données (Interactions avec l'appli)/Pourquoi ces données utilisateur sont-elles partagées ? Plusieurs réponses possibles./Publicité ou marketing
PSL_DATA_USAGE_RESPONSES:PSL_USER_INTERACTION:DATA_USAGE_SHARING_PURPOSE,PSL_PERSONALIZATION,,MULTIPLE_CHOICE,Utilisation et traitement des données (Interactions avec l'appli)/Pourquoi ces données utilisateur sont-elles partagées ? Plusieurs réponses possibles./Personnalisation
PSL_DATA_USAGE_RESPONSES:PSL_USER_INTERACTION:DATA_USAGE_SHARING_PURPOSE,PSL_ACCOUNT_MANAGEMENT,,MULTIPLE_CHOICE,Utilisation et traitement des données (Interactions avec l'appli)/Pourquoi ces données utilisateur sont-elles partagées ? Plusieurs réponses possibles./Gestion des comptes
PSL_DATA_USAGE_RESPONSES:PSL_IN_APP_SEARCH_HISTORY:PSL_DATA_USAGE_COLLECTION_AND_SHARING,PSL_DATA_USAGE_ONLY_COLLECTED,,MULTIPLE_CHOICE,"Utilisation et traitement des données (Historique des recherches via une appli)/Ces données sont-elles collectées, partagées ou les deux ?/Collectées"
PSL_DATA_USAGE_RESPONSES:PSL_IN_APP_SEARCH_HISTORY:PSL_DATA_USAGE_COLLECTION_AND_SHARING,PSL_DATA_USAGE_ONLY_SHARED,,MULTIPLE_CHOICE,"Utilisation et traitement des données (Historique des recherches via une appli)/Ces données sont-elles collectées, partagées ou les deux ?/Partagées"
PSL_DATA_USAGE_RESPONSES:PSL_IN_APP_SEARCH_HISTORY:PSL_DATA_USAGE_EPHEMERAL,,,MAYBE_REQUIRED,Utilisation et traitement des données (Historique des recherches via une appli)/Ces données sont-elles traitées de manière éphémère ?
PSL_DATA_USAGE_RESPONSES:PSL_IN_APP_SEARCH_HISTORY:DATA_USAGE_USER_CONTROL,PSL_DATA_USAGE_USER_CONTROL_OPTIONAL,,SINGLE_CHOICE,"Utilisation et traitement des données (Historique des recherches via une appli)/Ces données sont-elles requises pour votre appli, ou les utilisateurs peuvent-ils décider qu'elles soient collectées ou non ?/Les utilisateurs peuvent choisir si ces données sont collectées ou non"
PSL_DATA_USAGE_RESPONSES:PSL_IN_APP_SEARCH_HISTORY:DATA_USAGE_USER_CONTROL,PSL_DATA_USAGE_USER_CONTROL_REQUIRED,,SINGLE_CHOICE,"Utilisation et traitement des données (Historique des recherches via une appli)/Ces données sont-elles requises pour votre appli, ou les utilisateurs peuvent-ils décider qu'elles soient collectées ou non ?/La collecte de données est requise (les utilisateurs ne peuvent pas désactiver cette collecte)"
PSL_DATA_USAGE_RESPONSES:PSL_IN_APP_SEARCH_HISTORY:DATA_USAGE_COLLECTION_PURPOSE,PSL_APP_FUNCTIONALITY,,MULTIPLE_CHOICE,Utilisation et traitement des données (Historique des recherches via une appli)/Pourquoi ces données utilisateur sont-elles collectées ? Plusieurs réponses possibles./Fonctionnement de l'appli
PSL_DATA_USAGE_RESPONSES:PSL_IN_APP_SEARCH_HISTORY:DATA_USAGE_COLLECTION_PURPOSE,PSL_ANALYTICS,,MULTIPLE_CHOICE,Utilisation et traitement des données (Historique des recherches via une appli)/Pourquoi ces données utilisateur sont-elles collectées ? Plusieurs réponses possibles./Analyse
PSL_DATA_USAGE_RESPONSES:PSL_IN_APP_SEARCH_HISTORY:DATA_USAGE_COLLECTION_PURPOSE,PSL_DEVELOPER_COMMUNICATIONS,,MULTIPLE_CHOICE,Utilisation et traitement des données (Historique des recherches via une appli)/Pourquoi ces données utilisateur sont-elles collectées ? Plusieurs réponses possibles./Communications du développeur
PSL_DATA_USAGE_RESPONSES:PSL_IN_APP_SEARCH_HISTORY:DATA_USAGE_COLLECTION_PURPOSE,PSL_FRAUD_PREVENTION_SECURITY,,MULTIPLE_CHOICE,"Utilisation et traitement des données (Historique des recherches via une appli)/Pourquoi ces données utilisateur sont-elles collectées ? Plusieurs réponses possibles./Prévention des fraudes, sécurité et conformité"
PSL_DATA_USAGE_RESPONSES:PSL_IN_APP_SEARCH_HISTORY:DATA_USAGE_COLLECTION_PURPOSE,PSL_ADVERTISING,,MULTIPLE_CHOICE,Utilisation et traitement des données (Historique des recherches via une appli)/Pourquoi ces données utilisateur sont-elles collectées ? Plusieurs réponses possibles./Publicité ou marketing
PSL_DATA_USAGE_RESPONSES:PSL_IN_APP_SEARCH_HISTORY:DATA_USAGE_COLLECTION_PURPOSE,PSL_PERSONALIZATION,,MULTIPLE_CHOICE,Utilisation et traitement des données (Historique des recherches via une appli)/Pourquoi ces données utilisateur sont-elles collectées ? Plusieurs réponses possibles./Personnalisation
PSL_DATA_USAGE_RESPONSES:PSL_IN_APP_SEARCH_HISTORY:DATA_USAGE_COLLECTION_PURPOSE,PSL_ACCOUNT_MANAGEMENT,,MULTIPLE_CHOICE,Utilisation et traitement des données (Historique des recherches via une appli)/Pourquoi ces données utilisateur sont-elles collectées ? Plusieurs réponses possibles./Gestion des comptes
PSL_DATA_USAGE_RESPONSES:PSL_IN_APP_SEARCH_HISTORY:DATA_USAGE_SHARING_PURPOSE,PSL_APP_FUNCTIONALITY,,MULTIPLE_CHOICE,Utilisation et traitement des données (Historique des recherches via une appli)/Pourquoi ces données utilisateur sont-elles partagées ? Plusieurs réponses possibles./Fonctionnement de l'appli
PSL_DATA_USAGE_RESPONSES:PSL_IN_APP_SEARCH_HISTORY:DATA_USAGE_SHARING_PURPOSE,PSL_ANALYTICS,,MULTIPLE_CHOICE,Utilisation et traitement des données (Historique des recherches via une appli)/Pourquoi ces données utilisateur sont-elles partagées ? Plusieurs réponses possibles./Analyse
PSL_DATA_USAGE_RESPONSES:PSL_IN_APP_SEARCH_HISTORY:DATA_USAGE_SHARING_PURPOSE,PSL_DEVELOPER_COMMUNICATIONS,,MULTIPLE_CHOICE,Utilisation et traitement des données (Historique des recherches via une appli)/Pourquoi ces données utilisateur sont-elles partagées ? Plusieurs réponses possibles./Communications du développeur
PSL_DATA_USAGE_RESPONSES:PSL_IN_APP_SEARCH_HISTORY:DATA_USAGE_SHARING_PURPOSE,PSL_FRAUD_PREVENTION_SECURITY,,MULTIPLE_CHOICE,"Utilisation et traitement des données (Historique des recherches via une appli)/Pourquoi ces données utilisateur sont-elles partagées ? Plusieurs réponses possibles./Prévention des fraudes, sécurité et conformité"
PSL_DATA_USAGE_RESPONSES:PSL_IN_APP_SEARCH_HISTORY:DATA_USAGE_SHARING_PURPOSE,PSL_ADVERTISING,,MULTIPLE_CHOICE,Utilisation et traitement des données (Historique des recherches via une appli)/Pourquoi ces données utilisateur sont-elles partagées ? Plusieurs réponses possibles./Publicité ou marketing
PSL_DATA_USAGE_RESPONSES:PSL_IN_APP_SEARCH_HISTORY:DATA_USAGE_SHARING_PURPOSE,PSL_PERSONALIZATION,,MULTIPLE_CHOICE,Utilisation et traitement des données (Historique des recherches via une appli)/Pourquoi ces données utilisateur sont-elles partagées ? Plusieurs réponses possibles./Personnalisation
PSL_DATA_USAGE_RESPONSES:PSL_IN_APP_SEARCH_HISTORY:DATA_USAGE_SHARING_PURPOSE,PSL_ACCOUNT_MANAGEMENT,,MULTIPLE_CHOICE,Utilisation et traitement des données (Historique des recherches via une appli)/Pourquoi ces données utilisateur sont-elles partagées ? Plusieurs réponses possibles./Gestion des comptes
PSL_DATA_USAGE_RESPONSES:PSL_APPS_ON_DEVICE:PSL_DATA_USAGE_COLLECTION_AND_SHARING,PSL_DATA_USAGE_ONLY_COLLECTED,,MULTIPLE_CHOICE,"Utilisation et traitement des données (Applis installées)/Ces données sont-elles collectées, partagées ou les deux ?/Collectées"
PSL_DATA_USAGE_RESPONSES:PSL_APPS_ON_DEVICE:PSL_DATA_USAGE_COLLECTION_AND_SHARING,PSL_DATA_USAGE_ONLY_SHARED,,MULTIPLE_CHOICE,"Utilisation et traitement des données (Applis installées)/Ces données sont-elles collectées, partagées ou les deux ?/Partagées"
PSL_DATA_USAGE_RESPONSES:PSL_APPS_ON_DEVICE:PSL_DATA_USAGE_EPHEMERAL,,,MAYBE_REQUIRED,Utilisation et traitement des données (Applis installées)/Ces données sont-elles traitées de manière éphémère ?
PSL_DATA_USAGE_RESPONSES:PSL_APPS_ON_DEVICE:DATA_USAGE_USER_CONTROL,PSL_DATA_USAGE_USER_CONTROL_OPTIONAL,,SINGLE_CHOICE,"Utilisation et traitement des données (Applis installées)/Ces données sont-elles requises pour votre appli, ou les utilisateurs peuvent-ils décider qu'elles soient collectées ou non ?/Les utilisateurs peuvent choisir si ces données sont collectées ou non"
PSL_DATA_USAGE_RESPONSES:PSL_APPS_ON_DEVICE:DATA_USAGE_USER_CONTROL,PSL_DATA_USAGE_USER_CONTROL_REQUIRED,,SINGLE_CHOICE,"Utilisation et traitement des données (Applis installées)/Ces données sont-elles requises pour votre appli, ou les utilisateurs peuvent-ils décider qu'elles soient collectées ou non ?/La collecte de données est requise (les utilisateurs ne peuvent pas désactiver cette collecte)"
PSL_DATA_USAGE_RESPONSES:PSL_APPS_ON_DEVICE:DATA_USAGE_COLLECTION_PURPOSE,PSL_APP_FUNCTIONALITY,,MULTIPLE_CHOICE,Utilisation et traitement des données (Applis installées)/Pourquoi ces données utilisateur sont-elles collectées ? Plusieurs réponses possibles./Fonctionnement de l'appli
PSL_DATA_USAGE_RESPONSES:PSL_APPS_ON_DEVICE:DATA_USAGE_COLLECTION_PURPOSE,PSL_ANALYTICS,,MULTIPLE_CHOICE,Utilisation et traitement des données (Applis installées)/Pourquoi ces données utilisateur sont-elles collectées ? Plusieurs réponses possibles./Analyse
PSL_DATA_USAGE_RESPONSES:PSL_APPS_ON_DEVICE:DATA_USAGE_COLLECTION_PURPOSE,PSL_DEVELOPER_COMMUNICATIONS,,MULTIPLE_CHOICE,Utilisation et traitement des données (Applis installées)/Pourquoi ces données utilisateur sont-elles collectées ? Plusieurs réponses possibles./Communications du développeur
PSL_DATA_USAGE_RESPONSES:PSL_APPS_ON_DEVICE:DATA_USAGE_COLLECTION_PURPOSE,PSL_FRAUD_PREVENTION_SECURITY,,MULTIPLE_CHOICE,"Utilisation et traitement des données (Applis installées)/Pourquoi ces données utilisateur sont-elles collectées ? Plusieurs réponses possibles./Prévention des fraudes, sécurité et conformité"
PSL_DATA_USAGE_RESPONSES:PSL_APPS_ON_DEVICE:DATA_USAGE_COLLECTION_PURPOSE,PSL_ADVERTISING,,MULTIPLE_CHOICE,Utilisation et traitement des données (Applis installées)/Pourquoi ces données utilisateur sont-elles collectées ? Plusieurs réponses possibles./Publicité ou marketing
PSL_DATA_USAGE_RESPONSES:PSL_APPS_ON_DEVICE:DATA_USAGE_COLLECTION_PURPOSE,PSL_PERSONALIZATION,,MULTIPLE_CHOICE,Utilisation et traitement des données (Applis installées)/Pourquoi ces données utilisateur sont-elles collectées ? Plusieurs réponses possibles./Personnalisation
PSL_DATA_USAGE_RESPONSES:PSL_APPS_ON_DEVICE:DATA_USAGE_COLLECTION_PURPOSE,PSL_ACCOUNT_MANAGEMENT,,MULTIPLE_CHOICE,Utilisation et traitement des données (Applis installées)/Pourquoi ces données utilisateur sont-elles collectées ? Plusieurs réponses possibles./Gestion des comptes
PSL_DATA_USAGE_RESPONSES:PSL_APPS_ON_DEVICE:DATA_USAGE_SHARING_PURPOSE,PSL_APP_FUNCTIONALITY,,MULTIPLE_CHOICE,Utilisation et traitement des données (Applis installées)/Pourquoi ces données utilisateur sont-elles partagées ? Plusieurs réponses possibles./Fonctionnement de l'appli
PSL_DATA_USAGE_RESPONSES:PSL_APPS_ON_DEVICE:DATA_USAGE_SHARING_PURPOSE,PSL_ANALYTICS,,MULTIPLE_CHOICE,Utilisation et traitement des données (Applis installées)/Pourquoi ces données utilisateur sont-elles partagées ? Plusieurs réponses possibles./Analyse
PSL_DATA_USAGE_RESPONSES:PSL_APPS_ON_DEVICE:DATA_USAGE_SHARING_PURPOSE,PSL_DEVELOPER_COMMUNICATIONS,,MULTIPLE_CHOICE,Utilisation et traitement des données (Applis installées)/Pourquoi ces données utilisateur sont-elles partagées ? Plusieurs réponses possibles./Communications du développeur
PSL_DATA_USAGE_RESPONSES:PSL_APPS_ON_DEVICE:DATA_USAGE_SHARING_PURPOSE,PSL_FRAUD_PREVENTION_SECURITY,,MULTIPLE_CHOICE,"Utilisation et traitement des données (Applis installées)/Pourquoi ces données utilisateur sont-elles partagées ? Plusieurs réponses possibles./Prévention des fraudes, sécurité et conformité"
PSL_DATA_USAGE_RESPONSES:PSL_APPS_ON_DEVICE:DATA_USAGE_SHARING_PURPOSE,PSL_ADVERTISING,,MULTIPLE_CHOICE,Utilisation et traitement des données (Applis installées)/Pourquoi ces données utilisateur sont-elles partagées ? Plusieurs réponses possibles./Publicité ou marketing
PSL_DATA_USAGE_RESPONSES:PSL_APPS_ON_DEVICE:DATA_USAGE_SHARING_PURPOSE,PSL_PERSONALIZATION,,MULTIPLE_CHOICE,Utilisation et traitement des données (Applis installées)/Pourquoi ces données utilisateur sont-elles partagées ? Plusieurs réponses possibles./Personnalisation
PSL_DATA_USAGE_RESPONSES:PSL_APPS_ON_DEVICE:DATA_USAGE_SHARING_PURPOSE,PSL_ACCOUNT_MANAGEMENT,,MULTIPLE_CHOICE,Utilisation et traitement des données (Applis installées)/Pourquoi ces données utilisateur sont-elles partagées ? Plusieurs réponses possibles./Gestion des comptes
PSL_DATA_USAGE_RESPONSES:PSL_USER_GENERATED_CONTENT:PSL_DATA_USAGE_COLLECTION_AND_SHARING,PSL_DATA_USAGE_ONLY_COLLECTED,,MULTIPLE_CHOICE,"Utilisation et traitement des données (Autre contenu généré par l'utilisateur)/Ces données sont-elles collectées, partagées ou les deux ?/Collectées"
PSL_DATA_USAGE_RESPONSES:PSL_USER_GENERATED_CONTENT:PSL_DATA_USAGE_COLLECTION_AND_SHARING,PSL_DATA_USAGE_ONLY_SHARED,,MULTIPLE_CHOICE,"Utilisation et traitement des données (Autre contenu généré par l'utilisateur)/Ces données sont-elles collectées, partagées ou les deux ?/Partagées"
PSL_DATA_USAGE_RESPONSES:PSL_USER_GENERATED_CONTENT:PSL_DATA_USAGE_EPHEMERAL,,,MAYBE_REQUIRED,Utilisation et traitement des données (Autre contenu généré par l'utilisateur)/Ces données sont-elles traitées de manière éphémère ?
PSL_DATA_USAGE_RESPONSES:PSL_USER_GENERATED_CONTENT:DATA_USAGE_USER_CONTROL,PSL_DATA_USAGE_USER_CONTROL_OPTIONAL,,SINGLE_CHOICE,"Utilisation et traitement des données (Autre contenu généré par l'utilisateur)/Ces données sont-elles requises pour votre appli, ou les utilisateurs peuvent-ils décider qu'elles soient collectées ou non ?/Les utilisateurs peuvent choisir si ces données sont collectées ou non"
PSL_DATA_USAGE_RESPONSES:PSL_USER_GENERATED_CONTENT:DATA_USAGE_USER_CONTROL,PSL_DATA_USAGE_USER_CONTROL_REQUIRED,,SINGLE_CHOICE,"Utilisation et traitement des données (Autre contenu généré par l'utilisateur)/Ces données sont-elles requises pour votre appli, ou les utilisateurs peuvent-ils décider qu'elles soient collectées ou non ?/La collecte de données est requise (les utilisateurs ne peuvent pas désactiver cette collecte)"
PSL_DATA_USAGE_RESPONSES:PSL_USER_GENERATED_CONTENT:DATA_USAGE_COLLECTION_PURPOSE,PSL_APP_FUNCTIONALITY,,MULTIPLE_CHOICE,Utilisation et traitement des données (Autre contenu généré par l'utilisateur)/Pourquoi ces données utilisateur sont-elles collectées ? Plusieurs réponses possibles./Fonctionnement de l'appli
PSL_DATA_USAGE_RESPONSES:PSL_USER_GENERATED_CONTENT:DATA_USAGE_COLLECTION_PURPOSE,PSL_ANALYTICS,,MULTIPLE_CHOICE,Utilisation et traitement des données (Autre contenu généré par l'utilisateur)/Pourquoi ces données utilisateur sont-elles collectées ? Plusieurs réponses possibles./Analyse
PSL_DATA_USAGE_RESPONSES:PSL_USER_GENERATED_CONTENT:DATA_USAGE_COLLECTION_PURPOSE,PSL_DEVELOPER_COMMUNICATIONS,,MULTIPLE_CHOICE,Utilisation et traitement des données (Autre contenu généré par l'utilisateur)/Pourquoi ces données utilisateur sont-elles collectées ? Plusieurs réponses possibles./Communications du développeur
PSL_DATA_USAGE_RESPONSES:PSL_USER_GENERATED_CONTENT:DATA_USAGE_COLLECTION_PURPOSE,PSL_FRAUD_PREVENTION_SECURITY,,MULTIPLE_CHOICE,"Utilisation et traitement des données (Autre contenu généré par l'utilisateur)/Pourquoi ces données utilisateur sont-elles collectées ? Plusieurs réponses possibles./Prévention des fraudes, sécurité et conformité"
PSL_DATA_USAGE_RESPONSES:PSL_USER_GENERATED_CONTENT:DATA_USAGE_COLLECTION_PURPOSE,PSL_ADVERTISING,,MULTIPLE_CHOICE,Utilisation et traitement des données (Autre contenu généré par l'utilisateur)/Pourquoi ces données utilisateur sont-elles collectées ? Plusieurs réponses possibles./Publicité ou marketing
PSL_DATA_USAGE_RESPONSES:PSL_USER_GENERATED_CONTENT:DATA_USAGE_COLLECTION_PURPOSE,PSL_PERSONALIZATION,,MULTIPLE_CHOICE,Utilisation et traitement des données (Autre contenu généré par l'utilisateur)/Pourquoi ces données utilisateur sont-elles collectées ? Plusieurs réponses possibles./Personnalisation
PSL_DATA_USAGE_RESPONSES:PSL_USER_GENERATED_CONTENT:DATA_USAGE_COLLECTION_PURPOSE,PSL_ACCOUNT_MANAGEMENT,,MULTIPLE_CHOICE,Utilisation et traitement des données (Autre contenu généré par l'utilisateur)/Pourquoi ces données utilisateur sont-elles collectées ? Plusieurs réponses possibles./Gestion des comptes
PSL_DATA_USAGE_RESPONSES:PSL_USER_GENERATED_CONTENT:DATA_USAGE_SHARING_PURPOSE,PSL_APP_FUNCTIONALITY,,MULTIPLE_CHOICE,Utilisation et traitement des données (Autre contenu généré par l'utilisateur)/Pourquoi ces données utilisateur sont-elles partagées ? Plusieurs réponses possibles./Fonctionnement de l'appli
PSL_DATA_USAGE_RESPONSES:PSL_USER_GENERATED_CONTENT:DATA_USAGE_SHARING_PURPOSE,PSL_ANALYTICS,,MULTIPLE_CHOICE,Utilisation et traitement des données (Autre contenu généré par l'utilisateur)/Pourquoi ces données utilisateur sont-elles partagées ? Plusieurs réponses possibles./Analyse
PSL_DATA_USAGE_RESPONSES:PSL_USER_GENERATED_CONTENT:DATA_USAGE_SHARING_PURPOSE,PSL_DEVELOPER_COMMUNICATIONS,,MULTIPLE_CHOICE,Utilisation et traitement des données (Autre contenu généré par l'utilisateur)/Pourquoi ces données utilisateur sont-elles partagées ? Plusieurs réponses possibles./Communications du développeur
PSL_DATA_USAGE_RESPONSES:PSL_USER_GENERATED_CONTENT:DATA_USAGE_SHARING_PURPOSE,PSL_FRAUD_PREVENTION_SECURITY,,MULTIPLE_CHOICE,"Utilisation et traitement des données (Autre contenu généré par l'utilisateur)/Pourquoi ces données utilisateur sont-elles partagées ? Plusieurs réponses possibles./Prévention des fraudes, sécurité et conformité"
PSL_DATA_USAGE_RESPONSES:PSL_USER_GENERATED_CONTENT:DATA_USAGE_SHARING_PURPOSE,PSL_ADVERTISING,,MULTIPLE_CHOICE,Utilisation et traitement des données (Autre contenu généré par l'utilisateur)/Pourquoi ces données utilisateur sont-elles partagées ? Plusieurs réponses possibles./Publicité ou marketing
PSL_DATA_USAGE_RESPONSES:PSL_USER_GENERATED_CONTENT:DATA_USAGE_SHARING_PURPOSE,PSL_PERSONALIZATION,,MULTIPLE_CHOICE,Utilisation et traitement des données (Autre contenu généré par l'utilisateur)/Pourquoi ces données utilisateur sont-elles partagées ? Plusieurs réponses possibles./Personnalisation
PSL_DATA_USAGE_RESPONSES:PSL_USER_GENERATED_CONTENT:DATA_USAGE_SHARING_PURPOSE,PSL_ACCOUNT_MANAGEMENT,,MULTIPLE_CHOICE,Utilisation et traitement des données (Autre contenu généré par l'utilisateur)/Pourquoi ces données utilisateur sont-elles partagées ? Plusieurs réponses possibles./Gestion des comptes
PSL_DATA_USAGE_RESPONSES:PSL_OTHER_APP_ACTIVITY:PSL_DATA_USAGE_COLLECTION_AND_SHARING,PSL_DATA_USAGE_ONLY_COLLECTED,true,MULTIPLE_CHOICE,"Utilisation et traitement des données (Autres actions)/Ces données sont-elles collectées, partagées ou les deux ?/Collectées"
PSL_DATA_USAGE_RESPONSES:PSL_OTHER_APP_ACTIVITY:PSL_DATA_USAGE_COLLECTION_AND_SHARING,PSL_DATA_USAGE_ONLY_SHARED,,MULTIPLE_CHOICE,"Utilisation et traitement des données (Autres actions)/Ces données sont-elles collectées, partagées ou les deux ?/Partagées"
PSL_DATA_USAGE_RESPONSES:PSL_OTHER_APP_ACTIVITY:PSL_DATA_USAGE_EPHEMERAL,,false,MAYBE_REQUIRED,Utilisation et traitement des données (Autres actions)/Ces données sont-elles traitées de manière éphémère ?
PSL_DATA_USAGE_RESPONSES:PSL_OTHER_APP_ACTIVITY:DATA_USAGE_USER_CONTROL,PSL_DATA_USAGE_USER_CONTROL_OPTIONAL,,SINGLE_CHOICE,"Utilisation et traitement des données (Autres actions)/Ces données sont-elles requises pour votre appli, ou les utilisateurs peuvent-ils décider qu'elles soient collectées ou non ?/Les utilisateurs peuvent choisir si ces données sont collectées ou non"
PSL_DATA_USAGE_RESPONSES:PSL_OTHER_APP_ACTIVITY:DATA_USAGE_USER_CONTROL,PSL_DATA_USAGE_USER_CONTROL_REQUIRED,true,SINGLE_CHOICE,"Utilisation et traitement des données (Autres actions)/Ces données sont-elles requises pour votre appli, ou les utilisateurs peuvent-ils décider qu'elles soient collectées ou non ?/La collecte de données est requise (les utilisateurs ne peuvent pas désactiver cette collecte)"
PSL_DATA_USAGE_RESPONSES:PSL_OTHER_APP_ACTIVITY:DATA_USAGE_COLLECTION_PURPOSE,PSL_APP_FUNCTIONALITY,true,MULTIPLE_CHOICE,Utilisation et traitement des données (Autres actions)/Pourquoi ces données utilisateur sont-elles collectées ? Plusieurs réponses possibles./Fonctionnement de l'appli
PSL_DATA_USAGE_RESPONSES:PSL_OTHER_APP_ACTIVITY:DATA_USAGE_COLLECTION_PURPOSE,PSL_ANALYTICS,,MULTIPLE_CHOICE,Utilisation et traitement des données (Autres actions)/Pourquoi ces données utilisateur sont-elles collectées ? Plusieurs réponses possibles./Analyse
PSL_DATA_USAGE_RESPONSES:PSL_OTHER_APP_ACTIVITY:DATA_USAGE_COLLECTION_PURPOSE,PSL_DEVELOPER_COMMUNICATIONS,,MULTIPLE_CHOICE,Utilisation et traitement des données (Autres actions)/Pourquoi ces données utilisateur sont-elles collectées ? Plusieurs réponses possibles./Communications du développeur
PSL_DATA_USAGE_RESPONSES:PSL_OTHER_APP_ACTIVITY:DATA_USAGE_COLLECTION_PURPOSE,PSL_FRAUD_PREVENTION_SECURITY,,MULTIPLE_CHOICE,"Utilisation et traitement des données (Autres actions)/Pourquoi ces données utilisateur sont-elles collectées ? Plusieurs réponses possibles./Prévention des fraudes, sécurité et conformité"
PSL_DATA_USAGE_RESPONSES:PSL_OTHER_APP_ACTIVITY:DATA_USAGE_COLLECTION_PURPOSE,PSL_ADVERTISING,,MULTIPLE_CHOICE,Utilisation et traitement des données (Autres actions)/Pourquoi ces données utilisateur sont-elles collectées ? Plusieurs réponses possibles./Publicité ou marketing
PSL_DATA_USAGE_RESPONSES:PSL_OTHER_APP_ACTIVITY:DATA_USAGE_COLLECTION_PURPOSE,PSL_PERSONALIZATION,,MULTIPLE_CHOICE,Utilisation et traitement des données (Autres actions)/Pourquoi ces données utilisateur sont-elles collectées ? Plusieurs réponses possibles./Personnalisation
PSL_DATA_USAGE_RESPONSES:PSL_OTHER_APP_ACTIVITY:DATA_USAGE_COLLECTION_PURPOSE,PSL_ACCOUNT_MANAGEMENT,,MULTIPLE_CHOICE,Utilisation et traitement des données (Autres actions)/Pourquoi ces données utilisateur sont-elles collectées ? Plusieurs réponses possibles./Gestion des comptes
PSL_DATA_USAGE_RESPONSES:PSL_OTHER_APP_ACTIVITY:DATA_USAGE_SHARING_PURPOSE,PSL_APP_FUNCTIONALITY,,MULTIPLE_CHOICE,Utilisation et traitement des données (Autres actions)/Pourquoi ces données utilisateur sont-elles partagées ? Plusieurs réponses possibles./Fonctionnement de l'appli
PSL_DATA_USAGE_RESPONSES:PSL_OTHER_APP_ACTIVITY:DATA_USAGE_SHARING_PURPOSE,PSL_ANALYTICS,,MULTIPLE_CHOICE,Utilisation et traitement des données (Autres actions)/Pourquoi ces données utilisateur sont-elles partagées ? Plusieurs réponses possibles./Analyse
PSL_DATA_USAGE_RESPONSES:PSL_OTHER_APP_ACTIVITY:DATA_USAGE_SHARING_PURPOSE,PSL_DEVELOPER_COMMUNICATIONS,,MULTIPLE_CHOICE,Utilisation et traitement des données (Autres actions)/Pourquoi ces données utilisateur sont-elles partagées ? Plusieurs réponses possibles./Communications du développeur
PSL_DATA_USAGE_RESPONSES:PSL_OTHER_APP_ACTIVITY:DATA_USAGE_SHARING_PURPOSE,PSL_FRAUD_PREVENTION_SECURITY,,MULTIPLE_CHOICE,"Utilisation et traitement des données (Autres actions)/Pourquoi ces données utilisateur sont-elles partagées ? Plusieurs réponses possibles./Prévention des fraudes, sécurité et conformité"
PSL_DATA_USAGE_RESPONSES:PSL_OTHER_APP_ACTIVITY:DATA_USAGE_SHARING_PURPOSE,PSL_ADVERTISING,,MULTIPLE_CHOICE,Utilisation et traitement des données (Autres actions)/Pourquoi ces données utilisateur sont-elles partagées ? Plusieurs réponses possibles./Publicité ou marketing
PSL_DATA_USAGE_RESPONSES:PSL_OTHER_APP_ACTIVITY:DATA_USAGE_SHARING_PURPOSE,PSL_PERSONALIZATION,,MULTIPLE_CHOICE,Utilisation et traitement des données (Autres actions)/Pourquoi ces données utilisateur sont-elles partagées ? Plusieurs réponses possibles./Personnalisation
PSL_DATA_USAGE_RESPONSES:PSL_OTHER_APP_ACTIVITY:DATA_USAGE_SHARING_PURPOSE,PSL_ACCOUNT_MANAGEMENT,,MULTIPLE_CHOICE,Utilisation et traitement des données (Autres actions)/Pourquoi ces données utilisateur sont-elles partagées ? Plusieurs réponses possibles./Gestion des comptes
PSL_DATA_USAGE_RESPONSES:PSL_DEVICE_ID:PSL_DATA_USAGE_COLLECTION_AND_SHARING,PSL_DATA_USAGE_ONLY_COLLECTED,,MULTIPLE_CHOICE,"Utilisation et traitement des données (ID de l'appareil ou autres ID)/Ces données sont-elles collectées, partagées ou les deux ?/Collectées"
PSL_DATA_USAGE_RESPONSES:PSL_DEVICE_ID:PSL_DATA_USAGE_COLLECTION_AND_SHARING,PSL_DATA_USAGE_ONLY_SHARED,,MULTIPLE_CHOICE,"Utilisation et traitement des données (ID de l'appareil ou autres ID)/Ces données sont-elles collectées, partagées ou les deux ?/Partagées"
PSL_DATA_USAGE_RESPONSES:PSL_DEVICE_ID:PSL_DATA_USAGE_EPHEMERAL,,,MAYBE_REQUIRED,Utilisation et traitement des données (ID de l'appareil ou autres ID)/Ces données sont-elles traitées de manière éphémère ?
PSL_DATA_USAGE_RESPONSES:PSL_DEVICE_ID:DATA_USAGE_USER_CONTROL,PSL_DATA_USAGE_USER_CONTROL_OPTIONAL,,SINGLE_CHOICE,"Utilisation et traitement des données (ID de l'appareil ou autres ID)/Ces données sont-elles requises pour votre appli, ou les utilisateurs peuvent-ils décider qu'elles soient collectées ou non ?/Les utilisateurs peuvent choisir si ces données sont collectées ou non"
PSL_DATA_USAGE_RESPONSES:PSL_DEVICE_ID:DATA_USAGE_USER_CONTROL,PSL_DATA_USAGE_USER_CONTROL_REQUIRED,,SINGLE_CHOICE,"Utilisation et traitement des données (ID de l'appareil ou autres ID)/Ces données sont-elles requises pour votre appli, ou les utilisateurs peuvent-ils décider qu'elles soient collectées ou non ?/La collecte de données est requise (les utilisateurs ne peuvent pas désactiver cette collecte)"
PSL_DATA_USAGE_RESPONSES:PSL_DEVICE_ID:DATA_USAGE_COLLECTION_PURPOSE,PSL_APP_FUNCTIONALITY,,MULTIPLE_CHOICE,Utilisation et traitement des données (ID de l'appareil ou autres ID)/Pourquoi ces données utilisateur sont-elles collectées ? Plusieurs réponses possibles./Fonctionnement de l'appli
PSL_DATA_USAGE_RESPONSES:PSL_DEVICE_ID:DATA_USAGE_COLLECTION_PURPOSE,PSL_ANALYTICS,,MULTIPLE_CHOICE,Utilisation et traitement des données (ID de l'appareil ou autres ID)/Pourquoi ces données utilisateur sont-elles collectées ? Plusieurs réponses possibles./Analyse
PSL_DATA_USAGE_RESPONSES:PSL_DEVICE_ID:DATA_USAGE_COLLECTION_PURPOSE,PSL_DEVELOPER_COMMUNICATIONS,,MULTIPLE_CHOICE,Utilisation et traitement des données (ID de l'appareil ou autres ID)/Pourquoi ces données utilisateur sont-elles collectées ? Plusieurs réponses possibles./Communications du développeur
PSL_DATA_USAGE_RESPONSES:PSL_DEVICE_ID:DATA_USAGE_COLLECTION_PURPOSE,PSL_FRAUD_PREVENTION_SECURITY,,MULTIPLE_CHOICE,"Utilisation et traitement des données (ID de l'appareil ou autres ID)/Pourquoi ces données utilisateur sont-elles collectées ? Plusieurs réponses possibles./Prévention des fraudes, sécurité et conformité"
PSL_DATA_USAGE_RESPONSES:PSL_DEVICE_ID:DATA_USAGE_COLLECTION_PURPOSE,PSL_ADVERTISING,,MULTIPLE_CHOICE,Utilisation et traitement des données (ID de l'appareil ou autres ID)/Pourquoi ces données utilisateur sont-elles collectées ? Plusieurs réponses possibles./Publicité ou marketing
PSL_DATA_USAGE_RESPONSES:PSL_DEVICE_ID:DATA_USAGE_COLLECTION_PURPOSE,PSL_PERSONALIZATION,,MULTIPLE_CHOICE,Utilisation et traitement des données (ID de l'appareil ou autres ID)/Pourquoi ces données utilisateur sont-elles collectées ? Plusieurs réponses possibles./Personnalisation
PSL_DATA_USAGE_RESPONSES:PSL_DEVICE_ID:DATA_USAGE_COLLECTION_PURPOSE,PSL_ACCOUNT_MANAGEMENT,,MULTIPLE_CHOICE,Utilisation et traitement des données (ID de l'appareil ou autres ID)/Pourquoi ces données utilisateur sont-elles collectées ? Plusieurs réponses possibles./Gestion des comptes
PSL_DATA_USAGE_RESPONSES:PSL_DEVICE_ID:DATA_USAGE_SHARING_PURPOSE,PSL_APP_FUNCTIONALITY,,MULTIPLE_CHOICE,Utilisation et traitement des données (ID de l'appareil ou autres ID)/Pourquoi ces données utilisateur sont-elles partagées ? Plusieurs réponses possibles./Fonctionnement de l'appli
PSL_DATA_USAGE_RESPONSES:PSL_DEVICE_ID:DATA_USAGE_SHARING_PURPOSE,PSL_ANALYTICS,,MULTIPLE_CHOICE,Utilisation et traitement des données (ID de l'appareil ou autres ID)/Pourquoi ces données utilisateur sont-elles partagées ? Plusieurs réponses possibles./Analyse
PSL_DATA_USAGE_RESPONSES:PSL_DEVICE_ID:DATA_USAGE_SHARING_PURPOSE,PSL_DEVELOPER_COMMUNICATIONS,,MULTIPLE_CHOICE,Utilisation et traitement des données (ID de l'appareil ou autres ID)/Pourquoi ces données utilisateur sont-elles partagées ? Plusieurs réponses possibles./Communications du développeur
PSL_DATA_USAGE_RESPONSES:PSL_DEVICE_ID:DATA_USAGE_SHARING_PURPOSE,PSL_FRAUD_PREVENTION_SECURITY,,MULTIPLE_CHOICE,"Utilisation et traitement des données (ID de l'appareil ou autres ID)/Pourquoi ces données utilisateur sont-elles partagées ? Plusieurs réponses possibles./Prévention des fraudes, sécurité et conformité"
PSL_DATA_USAGE_RESPONSES:PSL_DEVICE_ID:DATA_USAGE_SHARING_PURPOSE,PSL_ADVERTISING,,MULTIPLE_CHOICE,Utilisation et traitement des données (ID de l'appareil ou autres ID)/Pourquoi ces données utilisateur sont-elles partagées ? Plusieurs réponses possibles./Publicité ou marketing
PSL_DATA_USAGE_RESPONSES:PSL_DEVICE_ID:DATA_USAGE_SHARING_PURPOSE,PSL_PERSONALIZATION,,MULTIPLE_CHOICE,Utilisation et traitement des données (ID de l'appareil ou autres ID)/Pourquoi ces données utilisateur sont-elles partagées ? Plusieurs réponses possibles./Personnalisation
PSL_DATA_USAGE_RESPONSES:PSL_DEVICE_ID:DATA_USAGE_SHARING_PURPOSE,PSL_ACCOUNT_MANAGEMENT,,MULTIPLE_CHOICE,Utilisation et traitement des données (ID de l'appareil ou autres ID)/Pourquoi ces données utilisateur sont-elles partagées ? Plusieurs réponses possibles./Gestion des comptes
